-- MySQL dump 10.13  Distrib 5.7.31, for Linux (x86_64)
--
-- Host: localhost    Database: AtivCompl
-- ------------------------------------------------------
-- Server version	5.7.31-0ubuntu0.16.04.1

/*!40101 SET @OLD_CHARACTER_SET_CLIENT=@@CHARACTER_SET_CLIENT */;
/*!40101 SET @OLD_CHARACTER_SET_RESULTS=@@CHARACTER_SET_RESULTS */;
/*!40101 SET @OLD_COLLATION_CONNECTION=@@COLLATION_CONNECTION */;
/*!40101 SET NAMES utf8 */;
/*!40103 SET @OLD_TIME_ZONE=@@TIME_ZONE */;
/*!40103 SET TIME_ZONE='+00:00' */;
/*!40014 SET @OLD_UNIQUE_CHECKS=@@UNIQUE_CHECKS, UNIQUE_CHECKS=0 */;
/*!40014 SET @OLD_FOREIGN_KEY_CHECKS=@@FOREIGN_KEY_CHECKS, FOREIGN_KEY_CHECKS=0 */;
/*!40101 SET @OLD_SQL_MODE=@@SQL_MODE, SQL_MODE='NO_AUTO_VALUE_ON_ZERO' */;
/*!40111 SET @OLD_SQL_NOTES=@@SQL_NOTES, SQL_NOTES=0 */;

--
-- Table structure for table `atividades`
--

DROP TABLE IF EXISTS `atividades`;
/*!40101 SET @saved_cs_client     = @@character_set_client */;
/*!40101 SET character_set_client = utf8 */;
CREATE TABLE `atividades` (
  `id` int(11) NOT NULL AUTO_INCREMENT,
  `descricao` varchar(255) COLLATE utf8_unicode_ci DEFAULT NULL,
  `modalidade_id` int(11) DEFAULT NULL,
  `aluno_id` int(11) DEFAULT NULL,
  `horas_req` int(11) DEFAULT NULL,
  `horas_jul` int(11) DEFAULT NULL,
  `anexo` varchar(255) COLLATE utf8_unicode_ci DEFAULT NULL,
  `julgador_id` int(11) DEFAULT NULL,
  `created_at` datetime NOT NULL,
  `updated_at` datetime NOT NULL,
  PRIMARY KEY (`id`),
  KEY `index_atividades_on_modalidade_id` (`modalidade_id`),
  KEY `index_atividades_on_aluno_id` (`aluno_id`),
  KEY `index_atividades_on_julgador_id` (`julgador_id`),
  CONSTRAINT `fk_rails_4a57019e21` FOREIGN KEY (`modalidade_id`) REFERENCES `modalidades` (`id`)
) ENGINE=InnoDB AUTO_INCREMENT=481 DEFAULT CHARSET=utf8 COLLATE=utf8_unicode_ci;
/*!40101 SET character_set_client = @saved_cs_client */;

--
-- Dumping data for table `atividades`
--

LOCK TABLES `atividades` WRITE;
/*!40000 ALTER TABLE `atividades` DISABLE KEYS */;
INSERT INTO `atividades` VALUES (4,'Estou desde 18 de maio na bolsa e isso dá mais de 360h, já que trabalho durante 20h semanais.',1,11,360,360,'4.pdf',3,'2015-12-04 16:56:26','2015-12-15 01:08:50'),(5,'Na Bolsa de Iniciação Científica, tive como principal função o desenvolvimento de um site para o Projeto ao qual fazia parte.',2,4,360,360,'5.pdf',3,'2015-12-07 16:17:37','2015-12-08 12:20:12'),(6,'Comprovação das atividades como bolsista do NSI e do NC2',2,13,3360,360,'6.pdf',3,'2015-12-10 14:25:14','2015-12-12 20:46:03'),(7,'Estágio na Purac Sínteses no período de 15/10/2012 à 14/10/2013, cumprindo 30h semanais durante 12 meses. ',8,5,1440,360,'7.pdf',3,'2015-12-11 00:30:36','2015-12-12 20:44:56'),(8,'Monitoria de computador Projeto Aldeia Global',1,15,1440,360,'8.pdf',3,'2015-12-13 14:25:28','2015-12-15 01:05:06'),(9,'Estágio de Suporte e Manutenção de Computadores',8,15,600,600,'9.pdf',3,'2015-12-13 14:46:44','2015-12-15 01:10:09'),(11,'Atividades Extracurriculares',2,12,360,360,'11.jpg',3,'2015-12-13 23:28:27','2015-12-15 01:09:24'),(12,'Treinamento de Perfil do Windows',15,9,3,3,'12.pdf',3,'2015-12-14 09:25:42','2015-12-15 01:08:14'),(19,'Treinamento Ambientação SMHT - Segurança Medicina e Higiene do Trabalho',15,9,4,4,'19.pdf',3,'2015-12-14 09:46:48','2015-12-15 01:08:00'),(20,'Treinamento Bomgar',15,9,2,2,'20.pdf',3,'2015-12-14 09:47:17','2015-12-15 01:07:45'),(21,'Treinameno Cadastro (Cadastro de permissões e liberações de pastas e segurança)',15,9,4,4,'21.pdf',3,'2015-12-14 09:48:00','2015-12-15 01:07:28'),(22,'Treinamento Conhecendo o Ambiente Petrobrás - Orientações Básicas sobre TIC,',15,9,3,3,'22.pdf',3,'2015-12-14 09:48:46','2015-12-15 01:07:10'),(23,'Treinamento Código de Ética Sistema Petrobrás,',15,9,1,1,'23.pdf',3,'2015-12-14 09:54:29','2015-12-15 01:06:55'),(24,'Treinamento Conhecendo os Indicadores (Indicadores contratuais do Service Desk)',15,9,4,4,'24.pdf',3,'2015-12-14 09:55:12','2015-12-15 01:06:34'),(25,'Treinamento Excel',15,9,4,4,'25.pdf',3,'2015-12-14 09:55:40','2015-12-15 01:06:12'),(26,'Treinamento Excelencia para Atender o seu Cliente',15,9,1,1,'26.pdf',3,'2015-12-14 09:56:06','2015-12-15 01:05:56'),(27,'Treinamento Harem (Sistema de Acesso a Intranet Petrobras externamente)',15,9,2,2,'27.pdf',3,'2015-12-14 09:56:56','2015-12-15 01:05:42'),(28,'Treinamento Impressão no Ambiente Windows',15,9,4,4,'28.pdf',3,'2015-12-14 09:57:52','2015-12-15 01:05:27'),(29,'Treinamento Lotus Notes - Básico',15,9,4,4,'29.pdf',3,'2015-12-14 09:58:23','2015-12-15 01:04:44'),(30,'Treinamento Mentor GSI',15,9,4,4,'30.pdf',3,'2015-12-14 09:58:47','2015-12-15 00:09:09'),(31,'Treinamento Mentor GSI 2',15,9,4,4,'31.pdf',3,'2015-12-14 09:59:24','2015-12-15 00:08:35'),(32,'Treinamento Monitoria de Qualidade / Gestão de Conflitos,',15,9,2,2,'32.pdf',3,'2015-12-14 10:03:30','2015-12-15 00:08:17'),(33,'Treinamento Portal do Atendimento',15,9,2,2,'33.pdf',3,'2015-12-14 10:04:01','2015-12-15 00:08:00'),(34,'Treinamento Regra de Classificação de Pastas (Segurança da Informação)',1,9,1,1,'34.pdf',3,'2015-12-14 10:04:45','2015-12-15 00:07:32'),(35,'Treinamento Segurança da Informação',15,9,2,1,'35.pdf',3,'2015-12-14 10:05:19','2015-12-15 00:07:03'),(36,'Treinamento Sondagem',15,9,2,2,'36.pdf',3,'2015-12-14 10:05:46','2015-12-15 00:06:23'),(37,'Treinamento Troca Senha',15,9,4,4,'37.pdf',3,'2015-12-14 10:06:16','2015-12-15 00:05:52'),(38,'Treinamento Windows 7 Ambiente de Impressão Citrix',15,9,4,4,'38.pdf',3,'2015-12-14 10:07:03','2015-12-15 00:05:26'),(39,'Certificado do VIII Congresso Integrado da Tecnologia da Informação',16,9,12,12,'39.pdf',3,'2015-12-14 10:08:53','2015-12-15 00:05:05'),(40,'Curso \"Introdução à visão japonesa de qualidade e processos : mapeamento e aplicação para o desenvolvimento de software\"',15,9,4,4,'40.PNG',3,'2015-12-14 10:11:27','2015-12-15 00:04:46'),(42,'Bolsista do Projeto SIGAEPCT-ADM',2,16,3000,360,'42.pdf',3,'2015-12-15 00:23:32','2015-12-15 01:10:43'),(43,'Participação do 16º Fórum Internacional Software Livre',16,20,40,40,'43.pdf',3,'2015-12-15 10:37:39','2015-12-23 14:20:36'),(44,'Minicurso Introdução ao Arduíno',15,20,4,4,'44.pdf',3,'2015-12-15 10:38:50','2015-12-23 14:20:22'),(45,'V Semana Acadêmica da UENF',16,20,16,16,'45.pdf',3,'2015-12-15 11:36:43','2015-12-23 14:18:55'),(46,'Minicurso - Android',15,20,2,2,'46.pdf',3,'2015-12-15 11:37:28','2015-12-23 14:18:42'),(47,'Minicurso - Rails',15,20,2,2,'47.jpg',3,'2015-12-15 11:38:17','2015-12-23 14:18:01'),(48,'Minicurso Calc',15,20,3,3,'48.pdf',3,'2015-12-15 12:51:17','2015-12-23 14:17:47'),(49,'Minicurso Internet',15,20,2,2,'49.pdf',3,'2015-12-15 12:51:42','2015-12-23 14:16:39'),(50,'Minicurso Realidade Aumentada',15,20,3,3,'50.pdf',3,'2015-12-15 12:52:09','2015-12-23 14:15:45'),(51,'Minicurso Writer',15,20,3,3,'51.pdf',3,'2015-12-15 12:52:34','2015-12-23 14:15:24'),(52,'CITI 2015',16,20,12,12,'52.pdf',3,'2015-12-15 12:55:07','2015-12-23 14:13:02'),(53,'XVII Semana de Informática UFV',16,20,28,28,'53.pdf',3,'2015-12-15 12:57:04','2015-12-16 18:28:05'),(54,'CITI 2012',16,20,12,12,'54.pdf',3,'2015-12-15 12:59:11','2015-12-16 18:27:50'),(55,'Bolsa de Apoio Tecnológico - DTIC/PTCE',2,20,260,260,'55.pdf',3,'2015-12-15 23:29:51','2015-12-16 18:26:50'),(56,'Declaração de horas em bolsa.',2,22,360,360,'56.pdf',3,'2015-12-16 15:31:35','2015-12-21 16:22:10'),(57,'bolsa de iniciação de 20 horas semanais duração de um 1 ano',2,8,960,360,'57jpeg',3,'2015-12-16 17:26:09','2015-12-16 18:27:19'),(58,'Estágio',8,20,100,100,'58.pdf',3,'2015-12-16 19:56:39','2015-12-23 14:12:36'),(59,'Trabalho como Analista de Suporte Desde 01/09/2014 até a presenta data',15,9,290,290,'59.pdf',3,'2015-12-17 11:05:09','2015-12-21 16:18:19'),(60,'Participação em palestra',15,24,3,3,'60.pdf',3,'2015-12-17 19:00:55','2015-12-21 16:24:27'),(61,'Comprovação de que trabalho na área ',8,24,360,360,'61.pdf',3,'2015-12-17 19:04:21','2015-12-21 16:23:17'),(62,'Certificado de curso técnico em Informática',15,24,360,360,'62.pdf',3,'2015-12-17 19:05:39','2015-12-21 16:24:03'),(63,'Bolsista em projeto no IFF',1,24,360,360,'63.pdf',3,'2015-12-17 19:07:02','2015-12-23 14:11:18'),(64,'Participação em semana da informática',16,24,11,11,'64.pdf',3,'2015-12-17 19:08:40','2015-12-23 14:23:14'),(65,'Participação no evento Linux In Rio',16,24,9,9,'65.pdf',3,'2015-12-17 19:10:14','2015-12-23 14:22:56'),(66,'Participação no evento Local WEB',16,24,9,9,'66.pdf',3,'2015-12-17 19:11:45','2015-12-23 14:22:15'),(67,'Participação no evento Local WEB 2',1,24,9,9,'67.pdf',3,'2015-12-17 19:12:11','2015-12-23 14:22:01'),(68,'Estágio de Trainee em Programação',8,21,360,360,'68.pdf',3,'2015-12-18 12:59:57','2015-12-21 16:20:20'),(69,'Analista de Suporte - Indra',7,20,60,60,'69.pdf',3,'2015-12-18 17:02:23','2015-12-23 14:12:06'),(70,'Certificação Microsoft MCP',5,23,30,30,'70.jpg',3,'2015-12-20 23:03:19','2015-12-21 16:25:00'),(71,'Experiencia profissional na área',8,23,330,330,'71.jpg',3,'2015-12-20 23:06:53','2015-12-21 16:17:16'),(72,'Trabalho no cargo Analista de Suporte a 1 ano e 7 meses. Digitalização da página que possui a foto.',2,14,360,1,'72jpeg',3,'2015-12-21 00:01:37','2015-12-23 14:08:01'),(73,'Trabalho no cargo Analista de Suporte a 1 ano e 7 meses. Digitalização da página com o carimbo, e o cargo.',2,14,360,360,'73jpeg',3,'2015-12-21 00:04:32','2015-12-21 16:19:04'),(75,'Certificado de Prticipação na Campus Party Brasil 2014, evento realizado nos dias 27/01/2014 a 02/02/2014 no Anheimbi Parque, em São Paulo.',16,29,500,56,'75.pdf',3,'2016-05-19 13:43:39','2016-05-25 23:22:58'),(76,'Certificado de Participação da XVII Semana de Informática, realizada nos dias 21, 22, 23 e 24 de novembro de 2012',16,29,30,30,'76.pdf',3,'2016-05-19 13:49:28','2016-05-25 23:22:31'),(77,'Certificado de Participação da XVIII Semana de Informática, realizada nos dias 02, 03, 04 e 05 de outubro de 2013.',16,29,30,30,'77.pdf',3,'2016-05-19 13:53:01','2016-05-25 23:22:07'),(78,'Certificado de Participação no curso de “Introdução à visão japonesa de qualidade e processos : mapeamento e aplicação para o desenvolvimento de software” durante a VII Congresso Integrado da Tecnologia da Informação, nos dias 05 e 06 de dezembro de 2012.',15,29,4,4,'78.pdf',3,'2016-05-19 13:56:48','2016-05-25 23:21:35'),(79,'Certificado de Participação no VII Congresso Integrado da Tecnologia da Informação, nos dias 05, 06 e 07 de dezembro de 2012',16,29,12,12,'79.pdf',3,'2016-05-19 13:59:45','2016-05-25 23:21:18'),(80,'Certificado de Participação no VIII Congresso Integrado da Tecnologia da Informação, durantes os dias 21, 22 e 23 no dia 06 de outubro de 2015.',16,29,12,12,'80.pdf',3,'2016-05-19 14:07:09','2016-05-25 23:20:56'),(82,'Bolsa de iniciação científica de março a agosto de 2013',2,33,480,360,'82.pdf',3,'2016-05-31 22:00:40','2016-06-13 18:48:59'),(83,'Declaração de Estágio',8,32,360,360,'83.pdf',3,'2016-06-01 18:02:30','2016-06-13 18:48:36'),(84,'Participação em Congresso FISL 2014',16,35,40,40,'84.pdf',3,'2016-06-03 22:10:10','2016-06-13 18:52:08'),(85,'Participação em Congresso CITI 2015',16,35,12,12,'85.pdf',3,'2016-06-03 22:14:14','2016-06-13 18:51:29'),(86,'Participação em minicurso no CITI 2015: “Introdução a Arquitetura e Programação de GPUs de última geração ” ',1,35,4,4,'86.pdf',3,'2016-06-03 22:16:21','2016-06-13 18:51:14'),(87,'Apresentação de trabalho científico “IDENTIDADE DO PROFESSOR FRENTE ÀS TECNOLOGIAS DA INFORMAÇÃO”, na modalidade painel em evento IV Colóquio Interdisciplinar de Cognição e Linguagem na UENF',16,35,10,10,'87.pdf',3,'2016-06-03 22:49:31','2016-06-13 18:51:02'),(88,'Publicação de artigo  Gamificação na Educação: Considerações Sobre o Uso Pedagógico de Estratégias de Games (http://www.essentiaeditora.iff.edu.br/index.php/citi/article/view/6950)',19,35,50,50,'88.pdf',3,'2016-06-03 22:58:33','2016-06-13 18:50:44'),(89,'Publicação de Artigo em revista: INTERDISCIPLINARIDADE E LINGUAGEM: CONTRIBUIÇÕES PARA O ENSINO DE LÍNGUA MATERNA  (CiFEFiL)',19,35,50,50,'89.pdf',3,'2016-06-03 23:00:22','2016-06-13 18:50:16'),(90,'Participação em evento: webcast tecnico data center definido por software - SSDC ',1,35,10,10,'90.pdf',3,'2016-06-03 23:06:13','2016-06-13 18:50:00'),(91,'Contratação temporária de serviços de Profissional de Nível Médio - Informática na UENF por 40 horas semanais por um período de 7 meses a contar de 01.10.2012 a 30.04.2013 obs.: ((40horas x 4 semanas)x 7 meses)) = aprox. 1120horas',8,35,1000,360,'91.pdf',3,'2016-06-03 23:26:23','2016-06-13 18:49:36'),(92,'Experiência em carteira trabalhando na área',8,36,3872,360,'92.pdf',3,'2016-06-07 00:41:37','2016-06-13 18:48:21'),(93,'Participação no congresso do CITI',16,36,12,12,'93.pdf',3,'2016-06-07 01:03:23','2016-06-13 18:52:41'),(94,'Participação em Congresso Rock\'n Rails',16,36,8,8,'94.pdf',3,'2016-06-07 01:06:07','2016-06-13 18:52:30'),(95,'Participação em congresso em Viçosa',16,36,24,24,'95.pdf',3,'2016-06-07 01:12:34','2016-06-13 18:52:19'),(96,'Comprovante de trabalho na área de TI.',2,37,360,360,'96.pdf',3,'2016-06-24 11:56:33','2016-11-16 23:06:42'),(97,'Monitor de Algoritmos, Programação e Estrutura de dados na Coordenação de informática, do campus  Campos Centro. ',1,39,360,360,'97.pdf',3,'2016-08-19 23:39:16','2016-08-22 23:40:03'),(98,'Ouvinte nas palestras do SIMPÓSIO ANUAL DE LIDERANÇA, TRABALHO E OPORTUNIDADES realizado por IFFLUMINENSE CAMPUS CAMPOS-CENTRO.',16,46,20,20,'98.pdf',3,'2016-09-21 00:57:14','2016-11-23 19:45:06'),(99,'Ouvinte nas palestras do VIII Congresso Integrado da Tecnologia da Informação, realizado no Instituto Federal Fluminense, campus Campos Centro.',16,46,12,12,'99.pdf',3,'2016-09-21 01:08:51','2016-10-02 10:16:50'),(100,'Certificado de Iniciação Profissional ',8,47,3024,360,'100.pdf',3,'2016-09-22 23:32:31','2016-11-16 22:17:17'),(101,'CITI2015',16,50,12,12,'101.pdf',3,'2016-10-01 02:37:34','2016-11-16 23:03:43'),(103,'Microsoft Virtual Academy Certificate of Completion Microsoft Azure',15,50,12,12,'103.pdf',3,'2016-10-01 02:46:58','2016-11-16 23:04:11'),(104,'Trabalho no setor de informatica com desenvolvimento de sistema',8,50,360,360,'104.pdf',3,'2016-10-01 02:49:52','2016-11-16 23:04:27'),(105,'Carteira de Trabalho - Técnico em Informática + Analista de Suporte de TI',2,43,360,360,'105.pdf',3,'2016-10-01 22:31:26','2016-11-16 23:05:26'),(106,'Certificado Cobit Fundação Bradesco',15,50,52,52,'106.pdf',3,'2016-10-01 23:55:10','2016-11-16 23:02:45'),(114,'Estágio na EMBRAER Executive Jets - Área: Gerenciamento de Programas',8,49,480,360,'114.pdf',3,'2016-10-03 14:50:58','2016-11-16 23:04:49'),(115,'Curso de Inglês',24,49,234,234,'115.pdf',3,'2016-10-03 14:52:01','2016-11-16 23:05:06'),(116,'Trabalho como técnio em informática',1,48,400,360,'116.pdf',3,'2016-10-03 16:07:58','2016-11-16 23:06:00'),(117,'Atividades praticadas em regime CTPS (Não tem a modalidade referente a CTPS, por isso coloquei estágio e a declaração das atividades conforme conversado na ultima aula)',8,53,360,360,'117.pdf',3,'2016-10-08 11:27:02','2016-11-16 23:05:45'),(118,'Bolsa de Iniciação Científica: Análise Automática de Fóruns de Discussão',2,55,360,360,'118.jpg',3,'2016-10-10 20:32:52','2016-10-13 01:36:52'),(119,'Declaração de estágio para horas complementares',8,56,360,360,'119.PDF',3,'2016-10-10 21:17:11','2016-11-16 22:14:45'),(120,'Exerci o cargo de Analista de Suporte Computacional na empresa CTIS por 1 ano e 7 meses e na empresa INDRA por 9 meses.',8,52,360,360,'120.pdf',3,'2016-10-11 01:13:06','2016-11-16 22:16:36'),(121,'Emprego com carteira assinada na área a mais de 4 anos.Coloquei esta modalidade,pois foi a mais próxima.',8,59,360,360,'121jpeg',3,'2016-10-11 21:41:33','2016-10-13 01:36:37'),(122,'5 meses como Analista de Suporte Remoto na área de TI. ',8,58,480,360,'122.pdf',3,'2016-10-12 01:57:02','2016-11-16 22:16:11'),(123,'Trabalho de Desenvolvedor Web - R.J. Empreendimentos e Serviços LTDA ME (Sinergia Soluções) de abril de 2012 a abril de 2013',1,54,1920,360,'123.PNG',3,'2016-10-12 17:19:43','2016-11-16 22:15:45'),(124,'Trabalho de Analista de Suporte - Indra',1,54,960,360,'124.PNG',3,'2016-10-12 17:31:03','2016-11-16 22:15:16'),(125,'Estágio ',8,62,360,360,'125.pdf',3,'2016-11-16 18:10:34','2016-11-16 20:11:04'),(126,'Participação em Eventos FISL',16,62,36,36,'126.pdf',3,'2016-11-16 18:11:44','2016-11-16 20:12:16'),(127,'Participação em Cursos Moodle',15,62,20,20,'127.pdf',3,'2016-11-16 18:13:53','2016-11-16 20:15:01'),(128,'Ministrante de Palestra',11,62,3,3,'128.pdf',3,'2016-11-16 18:15:44','2016-11-16 20:11:41'),(129,'Ministrante de Palestra',11,62,3,3,'129.pdf',3,'2016-11-16 18:16:06','2016-11-16 20:12:00'),(130,'Ministrante de Palestra',11,62,3,3,'130.pdf',3,'2016-11-16 18:16:31','2016-11-16 20:11:24'),(131,'Estágio ',8,61,2880,360,'131.pdf',3,'2016-11-17 13:38:16','2016-11-21 21:22:48'),(132,'Estagiário na Coordenação Adjunta de Administração e Desenvolvimento de Sistemas da DTIC do IFF - Campus Campos Centro por 30h semanais atuando em desenvolvimento de sistemas e afins (2013/2014).',8,64,2160,360,'132.pdf',3,'2016-11-18 10:26:18','2016-11-21 21:28:54'),(133,'congresso integrado da tecnologia da informação realizado no Iff Campus Centro',16,63,12,12,'133.pdf',3,'2016-11-18 19:39:48','2016-11-21 21:28:42'),(134,'estágio em empresa',8,63,600,360,'134.pdf',3,'2016-11-18 19:44:34','2016-11-21 21:27:33'),(136,'evento sobre programação em Cachoeiro de Itapemirim',16,63,8,8,'136.png',3,'2016-11-18 19:49:39','2016-11-21 21:28:14'),(137,'evento sobre programação',16,63,16,16,'137.pdf',3,'2016-11-18 19:52:12','2016-11-21 21:28:30'),(138,'Atuação no cargo de Diretora de Tecnologia da Informação',8,18,360,360,'138.pdf',3,'2016-12-09 00:45:09','2017-03-13 17:45:23'),(139,'Trabalhei executando atividades relacionadas à manutenção de microcomputadores e de rede de dados, desenvolvimento de aplicativos para ser usado como controlador para o laboratório de informática e instalações de Softwares.',8,38,360,360,'139.jpg',3,'2016-12-20 16:13:24','2017-03-13 17:46:34'),(140,'Trabalho remunerado na área de Informática- Empresa Indra Campos.',25,66,360,360,'140.pdf',3,'2017-03-08 22:15:17','2017-03-13 17:44:13'),(141,'Curso de Fundamentos de Governança de TI',15,65,29,29,'141.pdf',3,'2017-03-13 22:12:20','2017-09-04 18:18:04'),(142,'Curso de Introdução à Informatica',15,65,20,20,'142.pdf',3,'2017-03-13 22:13:45','2017-04-10 17:42:18'),(143,'XIII Conferência Latino-Americana de Software Livre',16,65,27,27,'143.pdf',3,'2017-03-14 11:29:42','2017-09-04 18:16:07'),(144,'8º Congresso Integrado da Tecnologia da Informação',16,65,12,12,'144.pdf',3,'2017-03-14 11:33:35','2017-09-04 18:16:19'),(145,'COMPROVAÇÃO DE HORAS TRABALHADAS: 25 horas semanais, iniciando as atividades em 15/12/2014 como analista de suporte em tecnologia da informação e comunicação (TIC), atuando até o presente momento.',25,67,360,360,'145.pdf',3,'2017-03-29 00:57:04','2017-09-04 18:10:48'),(146,'Comprovante de Bolsa de Extensão',2,70,360,360,'146.pdf',3,'2017-05-19 19:43:59','2017-09-04 18:13:47'),(147,'Bolsa de Iniciação Científica',2,72,1600,360,'147.pdf',3,'2017-06-13 22:40:40','2017-09-04 18:13:22'),(148,'Bolsa de Iniciação científica',2,71,360,360,'148.pdf',3,'2017-07-01 18:03:54','2017-09-04 18:11:21'),(149,'Workshop - Empreenda você nasceu para dar certo!',18,65,5,5,'149.pdf',3,'2017-07-02 19:32:36','2017-09-04 18:16:31'),(150,'Participação 1º Fórum de Desenvolvimento Regional',16,65,15,15,'150.pdf',3,'2017-07-02 19:37:48','2017-09-04 18:16:45'),(151,'Alterdata Software - Palestra - O Olho Digital do Governo',16,65,3,3,'151.pdf',3,'2017-07-02 19:43:00','2017-09-04 18:16:57'),(152,'Curso - Sistemas Operacionais',15,65,60,60,'152.pdf',3,'2017-07-02 20:13:49','2017-09-04 18:17:32'),(153,'Curso- Redes Locais de Computadores',15,65,40,40,'153.pdf',3,'2017-07-02 22:52:15','2017-09-04 18:15:51'),(154,'Estágio',8,74,360,360,'154.pdf',3,'2017-07-27 19:40:53','2017-09-04 18:13:03'),(155,'Técnico em Informática na Prefeitura Municipal de São Fidélis por um período de cinco meses (equivalente a aproximadamente 550 horas).',25,76,360,360,'155.pdf',3,'2017-08-08 22:45:20','2017-09-04 18:10:20'),(156,'Bolsa de Iniciação Científica',2,86,720,360,'156.pdf',3,'2017-08-08 23:48:43','2017-09-04 18:14:00'),(157,'Declaração de participação em um projeto como bolsista.',2,46,880,360,'157.pdf',3,'2017-08-21 23:56:58','2017-09-04 18:07:37'),(158,'Analista de suporte técnico - Prestação de serviço tecnológico à usuário de sistemas de informática.',25,60,360,360,'158.pdf',3,'2017-08-23 02:53:41','2017-09-04 18:14:15'),(159,'Palestras no CITI.',16,60,12,12,'159.pdf',3,'2017-08-23 02:56:11','2017-09-04 18:14:29'),(160,'Estágio - Centro de Informações e Dados de Campos',8,88,360,360,'160.pdf',3,'2017-09-01 15:13:26','2017-09-04 18:09:23'),(161,'Curso de html básico | escola virtual fundação bradesco',5,89,23,23,'161.pdf',3,'2017-09-07 16:47:08','2018-06-13 21:09:05'),(162,'XIII Conferência Latino-Americana de Software Livre 2016',16,90,27,27,'162.pdf',3,'2017-09-11 23:14:04','2018-06-13 21:08:16'),(163,'16o Fórum Internacional Software Livre',16,90,40,40,'163.pdf',3,'2017-09-11 23:15:24','2018-06-13 21:08:25'),(164,'“Desenvolvimento para Android\" - CITI 2015',15,90,4,4,'164.pdf',3,'2017-09-11 23:18:07','2018-06-13 21:08:35'),(165,'VIII Congresso Integrado da Tecnologia da Informação',16,90,12,12,'165.pdf',3,'2017-09-11 23:27:23','2018-06-13 21:08:47'),(166,'XIX Semana de Informática',16,90,15,15,'166.pdf',3,'2017-09-11 23:34:38','2018-06-13 21:08:55'),(167,'Estágio',8,85,480,360,'167.png',3,'2017-09-14 00:35:45','2017-09-22 17:36:47'),(168,'Roadsec 19/08/2017',16,83,10,10,'168.pdf',3,'2017-09-15 15:39:57','2017-09-15 15:39:57'),(169,'Emprego na área de Tecnologia da Informação - Cargo inicial: Analista de Suporte Computacional Junior V - Cargo Atual: Analista de Desenvolvimento Junior I - Empresa: Indra Brasil Soluções e Serviços Tecnológicos S/A.',25,29,360,360,'169.pdf',3,'2017-09-21 02:10:27','2017-09-22 17:36:30'),(170,'Estágio na Procuradoria Geral do Municipio de Campos dos Goytacazes',8,91,360,360,'170.pdf',3,'2017-09-26 19:32:01','2017-09-27 00:13:01'),(172,'Palestra -Novidades do eSocial Agora é pra valer',16,65,3,3,'172.pdf',3,'2017-10-23 13:58:41','2017-10-23 13:58:41'),(173,'Disciplina de Logística e Pesquisa Operacional cursada no Tecnólogo de Análise e Desenvolvimento de Sistemas da FACULTEC',7,94,80,80,'173.pdf',3,'2017-10-24 01:03:18','2017-10-24 15:24:53'),(174,'PALESTRAS REALIZADAS NO IFF, DURANTE O IFF JAVA DAY',16,94,4,4,'174.pdf',3,'2017-10-24 01:07:38','2017-10-24 01:07:38'),(175,'SEMINÁRIO SOBRE CARREIRA NO MUNDO DIGITAL - SENAC RIO',16,94,1,1,'175.pdf',3,'2017-10-24 01:08:56','2017-10-24 01:08:56'),(176,'OFICINA SOBRE SECOND LIFE - SENAC RIO',16,94,1,1,'176.pdf',3,'2017-10-24 01:10:02','2017-10-24 01:10:02'),(177,'IV ENCONTRO DE GERENCIAMENTO DE PROJETOS DO PMIRIO EM CAMPOS DOS GOYTACAZES - IFF_CAMPOS_CENTRO',16,94,4,4,'177.pdf',3,'2017-10-24 15:27:54','2017-10-24 15:27:54'),(178,'Este estudo contextualizou toda a parte de Gerenciamento de Projetos, desde a evolução do Gerenciamento de Projetos até o encerramento do Projeto e suas complexidades.',15,93,60,60,'178.pdf',3,'2017-10-25 22:09:09','2017-10-25 22:09:09'),(180,'Atividade de Iniciação Científica',2,51,360,360,'180.jpg',3,'2017-12-13 23:49:56','2018-03-04 11:11:38'),(188,'9° Congresso Integrado de Tecnologia da Informação 2017',16,65,9,9,'188.pdf',3,'2018-01-10 13:19:22','2018-01-10 13:19:22'),(189,'Apoio à docência das disciplinas de: Linguagem C e de Linguagem Pascal para o Curso de Técnico de Informática',1,98,360,360,'189jpeg',3,'2018-03-03 18:27:12','2018-03-04 11:09:58'),(190,'Curso de Inglês',24,98,100,100,'190jpeg',3,'2018-03-03 18:30:40','2018-03-04 11:10:20'),(191,'Emprego na área de TI - 44h/semana - 3 meses de trabalho',25,97,360,360,'191.png',3,'2018-03-18 02:23:12','2018-04-27 22:59:46'),(192,'Minicurso Gerenciamento de Plugins no Framework Redmine',15,99,3,3,'192.pdf',3,'2018-03-20 18:59:25','2018-06-13 21:09:18'),(193,'Minicurso Segurança em Redes',15,99,4,4,'193.pdf',3,'2018-03-20 19:01:08','2018-03-20 19:01:08'),(194,'Minicurso Git para Iniciantes ',15,99,3,3,'194.pdf',3,'2018-03-20 19:02:57','2018-03-20 19:02:57'),(195,'Minicurso Docker ',1,99,4,4,'195.pdf',3,'2018-03-20 19:04:07','2018-03-20 19:04:07'),(196,'Participação do CITI ',16,99,9,9,'196.pdf',3,'2018-03-20 19:06:48','2018-03-20 19:06:48'),(197,'Participação do Citi 2015',16,99,12,12,'197.pdf',3,'2018-03-20 19:09:46','2018-03-20 19:09:46'),(198,'Latinoware ',16,99,27,27,'198.pdf',3,'2018-03-20 19:11:49','2018-03-20 19:11:49'),(199,'Encontro de Gerenciamento de Projetos ',16,99,4,4,'199.pdf',3,'2018-03-20 19:14:44','2018-03-20 19:14:44'),(200,'Participante do conjunto de atividades do evento 9º CONGRESSO INTEGRADO DA TECNOLOGIA DA INFORMAÇÃO (CITI 2017) , realizado por IF FLUMINENSE CAMPUS CAMPOS CENTRO no período de 8 de novembro a 10 de novembro de 2017, com carga horária total de 09 h.',15,94,9,9,'200.pdf',3,'2018-03-21 00:58:34','2018-03-21 00:58:34'),(201,'Participante do minicurso SEGURANÇA EM REDES. A referida atividade foi realizada em 8 de novembro de 2017, tendo sido parte integrante do evento 9º CONGRESSO INTEGRADO DA TECNOLOGIA.',15,94,4,4,'201.pdf',3,'2018-03-21 01:08:23','2018-03-21 01:08:23'),(202,'Participante do minicurso DATA SCIENCE: DO ZERO A MACHINE LEARNING. A referida atividade foi realizada em 8 de novembro de 2017, tendo sido parte integrante do evento 9º CONGRESSO INTEGRADO DA TECNOLOGIA DA INFORMAÇÃO (CITI 2017)',15,94,3,3,'202.pdf',3,'2018-03-21 01:14:04','2018-03-21 01:14:04'),(203,'Participante do minicurso DOCKER. A referida atividade foi realizada em 9 de novembro de 2017, tendo sido parte integrante do evento 9º CONGRESSO INTEGRADO DA TECNOLOGIA DA INFORMAÇÃO (CITI 2017) realizado por IF FLUMINENSE CAMPUS CAMPOS CENTRO.',15,94,4,4,'203.pdf',3,'2018-03-21 01:20:26','2018-03-21 01:20:26'),(204,'Participante do minicurso GIT PARA INICIANTES, parte integrante do evento 9º CONGRESSO INTEGRADO DA TECNOLOGIA DA INFORMAÇÃO (CITI 2017) realizado por IF FLUMINENSE CAMPUS CAMPOS CENTRO.',15,94,3,3,'204.pdf',3,'2018-03-21 10:11:05','2018-03-21 10:11:05'),(205,'Voluntária do evento 9º CONGRESSO INTEGRADO DA TECNOLOGIA DA INFORMAÇÃO (CITI 2017) , realizado por IF FLUMINENSE CAMPUS CAMPOS CENTRO.',16,94,42,42,'205.pdf',3,'2018-03-21 10:13:47','2018-03-21 10:13:47'),(206,'Bolsista PIBITI/CNPq em projeto durante o período de 01 de agosto de 2014 a 31 de julho de 2015. Atuava com desenvolvimento Web (HTML5, CSS3 e PHP) na rede social ReSa, sob orientação do professor André Uebe.',2,102,360,360,'206.pdf',3,'2018-03-21 22:59:58','2018-03-27 19:12:59'),(207,'Trabalho com programação',25,82,3200,360,'207.pdf',3,'2018-03-27 01:51:30','2018-03-27 19:09:47'),(208,'CITI 2015 - Certificado Palestras ',16,104,12,12,'208.pdf',3,'2018-04-02 23:25:08','2018-05-25 21:11:47'),(209,'CITI 2017 - Conjunto de Atividades',16,104,9,9,'209.pdf',3,'2018-04-02 23:30:14','2018-05-25 21:12:14'),(210,'Atividade - Postura Profissional e Marketing Pessoal (CIEE)',16,104,2,2,'210.pdf',3,'2018-04-03 00:40:05','2018-05-25 21:12:27'),(211,'SCTI 2014 - Certificado de Palestras',16,104,20,20,'211.pdf',3,'2018-04-03 00:54:08','2018-05-25 21:12:44'),(212,'SCTI 2014 - Construindo Apps Realtime com JavaScript',15,104,2,2,'212.pdf',3,'2018-04-03 00:55:21','2018-05-25 21:12:59'),(213,'SCTI 2014 - TDD Para um Desenvolvimento com Mais Qualidade e Diversão',15,104,2,2,'213.pdf',3,'2018-04-03 00:56:48','2018-05-25 21:13:12'),(214,'SCTI 2015 - Certificado de Palestras',16,104,16,16,'214.pdf',3,'2018-04-03 01:16:15','2018-05-25 21:13:23'),(215,'SCTI 2015 - Conhecendo o IPV6',15,104,3,3,'215.pdf',3,'2018-04-03 01:18:53','2018-05-25 21:13:47'),(216,'SCTI 2015 - Meu Primeiro Projeto com Arduino',15,104,4,4,'216.pdf',3,'2018-04-03 01:20:36','2018-05-25 21:13:59'),(217,'Apresentação de trabalho no CONFICT',2,105,2,2,'217.pdf',3,'2018-04-03 01:47:14','2018-06-13 21:04:56'),(218,'Minicurso Android CITI 2015',15,105,4,4,'218.pdf',3,'2018-04-03 01:48:43','2018-06-13 21:05:27'),(219,'Participação CITI 2015',16,105,12,12,'219.pdf',3,'2018-04-03 01:50:46','2018-06-13 21:05:38'),(220,'Participação CITI 2017',16,105,9,9,'220.pdf',3,'2018-04-03 01:51:40','2018-06-13 21:05:46'),(221,'Minicurso Arduino SCTI 2015',15,105,4,4,'221.pdf',3,'2018-04-03 01:53:03','2018-06-13 21:05:55'),(222,'Minicurso IPV6 SCTI 2015',15,105,3,3,'222.pdf',3,'2018-04-03 01:54:18','2018-06-13 21:06:05'),(223,'Participação SCTI 2015',16,105,16,16,'223.pdf',3,'2018-04-03 01:56:27','2018-06-13 21:06:16'),(224,'Bolsa de Iniciação Científica no Projeto \"Análise Automática de Fóruns de Discussão\"',2,105,100,100,'224.pdf',3,'2018-04-03 01:58:31','2018-06-13 21:06:28'),(225,'Estágio',8,106,1080,360,'225jpeg',3,'2018-05-03 23:39:45','2018-05-07 19:00:22'),(226,'Minicurso Aplicação de Padrões de Projetos',15,107,4,4,'226.pdf',3,'2018-05-09 12:11:07','2018-05-09 16:53:34'),(227,'Declaração de Emprego na Área',25,107,360,360,'227.pdf',3,'2018-05-09 16:51:09','2018-09-27 21:34:16'),(228,'Estágio na área de Tecnologia da Informação - Infraestrutura (Unimed Campos)',8,104,2268,360,'228.pdf',3,'2018-05-12 02:12:47','2018-05-25 21:11:30'),(229,'Projeto CELEBRATIONS - 24°Semana do Saber Fazer Saber',16,65,60,60,'229.pdf',3,'2018-05-17 13:30:13','2018-05-17 13:30:13'),(230,'Estágio na Empresa Corbion',8,105,1009,360,'230.pdf',3,'2018-05-23 03:23:19','2018-06-13 21:06:39'),(231,'Estágio de desenvolvimento no CIDAC',8,113,1452,360,'231.pdf',3,'2018-05-24 16:32:51','2018-06-25 13:36:37'),(232,'Estágio em Desenvolvimento de software oferecido pela Prefeitura Municipal de Campos dos Goytacazes - Local: CIDAC.',8,112,1452,360,'232.pdf',3,'2018-05-24 19:02:00','2018-06-13 21:07:06'),(233,'Palestras CITI 2015.',16,112,12,12,'233.pdf',3,'2018-05-24 20:04:49','2018-06-13 21:07:25'),(234,'Oficina \" ANÁLISE DE MERCADO\" - Evento SALTO 2016.',1,112,2,2,'234.pdf',3,'2018-05-24 20:07:20','2018-06-13 21:07:35'),(235,'Palestra \"COACHING: DESENVOLVENDO O AUTOCONHECIMENTO\" - Evento SALTO 2016.',1,112,1,1,'235.pdf',3,'2018-05-24 20:09:00','2018-06-13 21:07:54'),(236,'Palestra \"CRIATIVIDADE\" - Evento SALTO 2016.',1,112,1,1,'236.pdf',3,'2018-05-24 20:12:46','2018-06-13 21:08:02'),(237,'Curso Introdução Linguagem de Programação PHP',15,65,40,40,'237.pdf',3,'2018-06-06 15:20:57','2018-06-06 15:20:57'),(238,'Palestra CITI 14 dezembro',16,116,9,9,'238.pdf',3,'2018-06-13 17:37:38','2018-06-13 17:37:38'),(239,'Palestra CITI 15 dezembro',16,116,9,9,'239.pdf',3,'2018-06-13 17:41:00','2018-06-13 17:41:00'),(240,'Mini curso Docker - CITI ',15,116,4,4,'240.pdf',3,'2018-06-13 17:44:14','2018-06-13 17:44:14'),(241,'O anexo é referente à bolsa de Apoio Científico',2,115,360,360,'241.pdf',3,'2018-06-18 20:39:30','2018-09-27 21:33:57'),(242,'XIII Conferência Latino-Americana de Software Livre - Latinoware 2016',16,118,27,27,'242.pdf',3,'2018-06-20 00:12:51','2018-09-11 23:38:43'),(243,'16º Fórum Internacional de Software Livre',16,118,40,40,'243.pdf',3,'2018-06-20 00:14:37','2018-09-11 23:38:55'),(244,'XIX Semana de Informática, Universidade Federal de Viçosa',16,118,27,27,'244.pdf',3,'2018-06-20 00:18:15','2018-09-11 23:39:08'),(245,'Mini curso Desenvolvimento para Android',15,118,4,4,'245.pdf',3,'2018-06-20 00:20:06','2018-06-25 13:42:38'),(246,'participação na apresentação do modelo canvas no salto 2017',16,117,1,1,'246.pdf',3,'2018-06-20 00:20:41','2018-06-25 13:37:57'),(247,'VIII Congresso de Integrada da Tecnologia da Informação ',15,118,12,12,'247.pdf',3,'2018-06-20 00:21:30','2018-09-11 23:39:17'),(248,'participante da palestra COACHING: DESENVOLVENDO O AUTOCONHECIMENTO no salto 2017',16,117,1,1,'248.pdf',3,'2018-06-20 00:21:52','2018-06-25 13:37:38'),(249,'participante da palestra CRIATIVIDADE no salto 2017',16,117,1,1,'249.pdf',3,'2018-06-20 00:22:49','2018-06-25 13:38:12'),(250,'participante da palestra O SEGREDO DO SUCESSO DE UMA START-UP salto 2017',16,117,1,1,'250.pdf',3,'2018-06-20 00:23:57','2018-06-25 13:38:27'),(251,'Bolsista para o desenvolvimento de páginas de internet em Plone e outras ferramentas de apoio a gestão do Programa',2,117,768,360,'251.doc',3,'2018-06-20 00:30:38','2018-06-25 13:40:42'),(252,'Ministrante do curso Informática Básica - PROJETO ABRINDO PORTAS PARA O FUTURO',10,119,60,60,'252.pdf',3,'2018-06-20 18:59:17','2018-06-21 14:37:52'),(253,'Participação em Minicurso Introdução ao Arduíno - V semana Acadêmica Unificada da UENF / III Semana da Ciência da Computação e Tecnologia da Informação',15,119,4,4,'253.pdf',3,'2018-06-20 19:01:59','2018-06-25 13:33:03'),(254,'Participação em minicurso \"START ON DJANGO\" - V Semana Acadêmica Unificada da UENF / III Semana de Ciência da Computação e Tecnologia da Informação',15,119,3,3,'254.pdf',3,'2018-06-20 19:05:05','2018-06-25 13:33:13'),(255,'Participação em minicurso \"FINALIZEI MEU PROJETO RAILS, E AGORA, O QUE FAZER?\" - V Semana Acadêmica Unificada da UENF / III Semana de Ciência da Computação e Tecnologia da Informação',15,119,2,2,'255.pdf',3,'2018-06-20 19:07:42','2018-06-25 13:33:24'),(256,'Participação em minicurso \"ANGULARJS, O FRAMEWORK MVC DA GOOGLE\" - V Semana Acadêmica Unificada da UENF / III Semana de Ciência da Computação e Tecnologia da Informação',15,119,2,2,'256.pdf',3,'2018-06-20 19:10:41','2018-06-25 13:33:35'),(257,'Participação da V Semana Acadêmica Unificada da UENF / III Semana de Ciência da Computação e Tecnologia da Informação - PROGRAD - UENF',16,119,16,16,'257.pdf',3,'2018-06-20 19:12:45','2018-06-25 13:33:49'),(258,'Voluntária no 9º Congresso Integrado da Tecnologia da Informação (CITI 2017), realizada por IF Fluminense Campus Campos Centro em 8 de novembro a 10 de novembro de 2017',23,119,42,42,'258.pdf',3,'2018-06-20 19:20:45','2018-06-25 13:34:02'),(259,'Curso Informática Básica - Datafox',15,119,126,126,'259.pdf',3,'2018-06-20 19:25:23','2018-06-25 13:34:14'),(260,'participante do minicurso APLICAÇÃO DE PADRÕES DE PROJETO CITI 2017',15,117,4,4,'260.pdf',3,'2018-06-20 22:25:04','2018-06-25 13:39:41'),(261,'voluntário do evento 9o CONGRESSO INTEGRADO DA TECNOLOGIA DA INFORMAÇÃO (CITI 2017)',13,117,22,22,'261.pdf',3,'2018-06-20 22:27:18','2018-06-25 13:39:55'),(262,'participante do minicurso DATA SCIENCE: DO ZERO A MACHINE LEARNING CITI 2017',15,117,3,3,'262.pdf',3,'2018-06-20 22:31:45','2018-06-25 13:40:09'),(263,'participante do conjunto de atividades do evento 9o CONGRESSO INTEGRADO DA TECNOLOGIA DA INFORMAÇÃO (CITI 2017)',13,117,12,12,'263.pdf',3,'2018-06-20 22:34:22','2018-06-25 13:40:23'),(264,'2° SIMPÓSIO ANUAL DE LIDERANÇA, TRABALHO E OPORTUNIDADES',16,118,1,1,'264.pdf',3,'2018-06-20 22:35:53','2018-06-25 13:41:58'),(265,'2° SIMPÓSIO ANUAL DE LIDERANÇA, TRABALHO E OPORTUNIDADES',16,118,1,1,'265.pdf',3,'2018-06-20 22:36:16','2018-06-25 13:42:47'),(266,'2° SIMPÓSIO ANUAL DE LIDERANÇA, TRABALHO E OPORTUNIDADES',16,118,1,1,'266.pdf',3,'2018-06-20 22:36:47','2018-06-25 13:42:11'),(267,'2° SIMPÓSIO ANUAL DE LIDERANÇA, TRABALHO E OPORTUNIDADES',16,118,1,1,'267.pdf',3,'2018-06-20 22:37:10','2018-06-25 13:42:26'),(268,'Curso de Fibra Ótica',5,118,40,40,'268.pdf',3,'2018-06-20 22:43:14','2018-09-11 23:39:28'),(269,'Bolsista de Desenvolvimento Acadêmico e Apoio Tecnológico na Coordenação de Suporte e Manutenção, no período de 01 de agosto de 2016 até 31 de outubro de 2017, com carga de 20 horas semanais.',9,119,1120,360,'269jpeg',3,'2018-06-21 14:16:19','2018-06-25 13:32:03'),(270,'Estágio de Técnico de Informática',8,34,360,360,'270.jpg',3,'2018-06-21 18:11:54','2018-06-25 13:38:52'),(271,'Campus Party Brasil 10',16,121,700,48,'271.pdf',3,'2018-06-24 02:58:24','2018-07-30 14:25:37'),(272,'Campus Party Brasil 11',16,121,900,48,'272.pdf',3,'2018-06-24 03:00:08','2018-07-30 14:26:23'),(273,'Estágio na Kongsberg Maritime Training do Brasil',8,122,888,360,'273.pdf',3,'2018-06-25 19:53:25','2018-07-13 21:09:57'),(274,'8º CIRCUITO DE INICIAÇÃO CIENTÍFICA DO IF FLUMINENSE',16,122,20,20,'274.pdf',3,'2018-06-25 20:22:49','2018-07-13 21:10:17'),(275,'Comprovante de carga horária exercida no estágio',8,101,360,360,'275.pdf',3,'2018-06-29 18:59:54','2018-07-13 21:12:06'),(276,'Atividades prestadas no cargo de operador de computador',25,94,1440,360,'276.pdf',3,'2018-07-03 16:51:26','2018-07-13 21:12:43'),(277,'Curso HTML 5 - Introdução ao front-end',15,65,40,40,'277.pdf',3,'2018-07-10 13:17:15','2018-08-27 18:35:45'),(278,'Comprovo minhas atividades complementares através do relatório de frequência do estágio.',8,123,360,360,'278.pdf',3,'2018-07-13 21:06:12','2018-07-13 21:10:31'),(279,'Curso Programação Aplicada em Java',15,108,120,120,'279.pdf',3,'2018-07-22 19:37:20','2018-09-11 23:39:44'),(280,' SIMPÓSIO ANUAL DE LIDERANÇA, TRABALHO E OPORTUNIDADE',16,99,20,20,'280.pdf',3,'2018-08-01 16:12:41','2018-08-27 18:33:14'),(281,'Gerenciamento de Processos com Otrs ',15,99,1,1,'281.pdf',3,'2018-08-01 16:16:11','2018-08-27 18:33:25'),(282,'Analista de Suporte',25,125,360,1,'282.pdf',3,'2018-08-02 22:51:06','2018-08-07 18:59:02'),(283,'APRESENTAÇÃO DE ARTIGO NO CITI EM NOVEMBRO DE 2017.',11,77,4,4,'283.pdf',3,'2018-08-03 02:02:43','2018-08-27 18:31:35'),(284,'PARTICIPAÇÃO DO IV ENCONTRO DE GERENCIAMENTO DE PROJETOS DO PMIRIO NO IFF.',15,77,4,4,'284.pdf',3,'2018-08-03 02:05:10','2018-08-27 18:32:05'),(285,'Co-autor na publicação do artigo científico Gestão de pontos de redes: sistema de suporte ao projeto de implantação e manutenção de cabeamento estruturado',20,77,30,30,'285.pdf',3,'2018-08-03 02:13:48','2018-08-27 18:32:16'),(286,'Declaração de Trabalho atual.',25,126,2464,360,'286.pdf',3,'2018-08-07 17:05:26','2018-08-07 19:23:25'),(287,'Certificado de participação do Circuito de Palestra de Marketing Digital.',16,126,8,8,'287.png',3,'2018-08-07 17:09:35','2018-09-11 23:28:19'),(288,'Empregado como analista de suporte computacional na empresa Indra, desde maio de 2014 compravado em carteira, conforme anexo.',25,124,360,360,'288.pdf',3,'2018-08-09 01:46:32','2018-08-14 18:56:01'),(289,'Curso de Mineração de Regras de Associação com Weka, Apriori e Java',15,65,9,9,'289.pdf',3,'2018-08-14 19:18:43','2018-08-27 18:36:01'),(290,'Estágio na Limpax Comércio desenvolvendo sistemas web em ruby on rails ',8,77,322,322,'290.pdf',3,'2018-08-16 12:02:27','2018-08-27 18:32:36'),(291,'Horas de Trabalho',25,111,360,360,'291.pdf',3,'2018-08-21 01:24:48','2018-08-27 18:34:15'),(292,'Participei do Curso de programação em python desenvolvido pela Curso em Vídeo.',15,100,40,40,'292.pdf',3,'2018-08-25 21:18:05','2018-09-11 23:39:56'),(293,'Estágio',8,99,720,360,'293.pdf',3,'2018-08-27 14:20:33','2018-08-27 18:33:36'),(294,'Horas acadêmicas Trabalho',25,79,360,360,'294.pdf',3,'2018-08-29 11:49:20','2018-08-30 20:33:56'),(295,'Emprego na área de TI (Indra Company) desde 2015.',25,127,360,360,'295.pdf',3,'2018-08-29 13:16:27','2018-09-11 23:35:06'),(296,'CERTIFICADO DE ATIVIDADES COMPLEMENTARES',1,41,360,360,'296.pdf',3,'2018-08-29 23:23:26','2018-08-30 20:34:26'),(297,'Participação  CITI 2012',16,129,12,12,'297.pdf',3,'2018-09-04 19:31:52','2018-09-11 23:28:49'),(298,'Participação FISL 12 - Fórum Internacional de Software Livre',1,129,36,36,'298.pdf',3,'2018-09-04 19:34:31','2018-09-11 23:28:35'),(299,'Participação FISL 13 - Fórum Internacional de Software Livre',16,129,40,40,'299.pdf',3,'2018-09-04 19:35:24','2018-09-11 23:27:10'),(300,'Participação 53º Congresso UNE 2013',16,129,45,45,'300.pdf',3,'2018-09-05 13:24:08','2018-09-11 23:27:27'),(301,'Monitoria de Informática EJA/NACES IFF CENTRO - Ano Letivo de 2011',1,129,150,150,'301.pdf',3,'2018-09-05 13:42:18','2018-09-11 23:27:36'),(302,'Monitoria de Informática EJA/NACES IFF CENTRO - Ano Letivo de 2012/1',1,129,75,75,'302.pdf',3,'2018-09-05 13:43:21','2018-09-11 23:27:45'),(303,'Monitoria de Informática ENSINO MÉDIO IFF CAMPOS - Ano Letivo de 2012/2013',1,129,150,150,'303.pdf',3,'2018-09-05 13:44:34','2018-09-11 23:27:55'),(304,'Emprego na área de TECNOLOGIA DA INFORMAÇÃO  2015 - 2018',25,129,5760,360,'304.pdf',3,'2018-09-05 13:46:23','2018-09-11 23:25:21'),(305,'O documento em anexo se refere ao estágio de 2 anos, realizado entre maio de 2016 e maio de 2018, na área de informática pela empresa Loja Outside.',8,114,2735,360,'305.pdf',3,'2018-09-10 13:33:35','2018-09-11 23:36:41'),(306,'Bolsa de apoio tecnológico no PTCE (Programa de Tecnologia, Comunicação & Educação). A bolsa teve duração de um ano e a principal função da mesma era prestar suporte técnico de informática aos servidores do IFF.',2,130,360,360,'306.pdf',3,'2018-09-10 15:46:20','2018-09-11 23:37:22'),(307,'Certificação em Algoritmos em Cobol',5,30,40,40,'307.png',3,'2018-09-11 04:08:25','2018-09-11 23:37:45'),(308,'Evento Android Start',16,30,8,8,'308.pdf',3,'2018-09-11 04:15:16','2018-09-11 23:38:00'),(309,'CITI2012 - Certificado Participacao',16,30,12,12,'309.pdf',3,'2018-09-11 04:28:02','2018-09-11 23:38:09'),(310,'CITI2015 - Certificado Palestras - Aluno',16,30,12,12,'310.pdf',3,'2018-09-11 04:30:55','2018-09-11 23:38:17'),(311,'Apresentação de Artigo CITI 2015',11,30,10,10,'311.pdf',3,'2018-09-11 04:37:46','2018-09-11 23:38:26'),(312,'Publicação de Artigo - SISTEMA DE GESTÃO DOS INSTITUTOS',20,30,30,30,'312.pdf',3,'2018-09-11 04:51:33','2018-09-11 23:38:35'),(313,'Certificado - Curso de OeM Hauwei ',5,30,30,30,'313.pdf',3,'2018-09-12 18:12:54','2018-09-14 21:49:21'),(314,'Emprego na Área - Analista de Suporte Jr',25,30,3500,360,'314.pdf',3,'2018-09-12 18:16:32','2018-09-14 21:50:19'),(315,'Estágio não remunerado',8,133,440,360,'315.pdf',3,'2018-09-14 21:36:20','2018-09-14 21:48:17'),(316,'VIII Congresso Integrado da Tecnologia da Informação,',16,133,12,12,'316.pdf',3,'2018-09-14 21:39:09','2018-09-14 21:48:32'),(317,'Desenvolvedor de software',25,10,360,360,'317.pdf',3,'2018-09-17 16:58:30','2018-09-17 17:10:32'),(318,'Monitoria',1,131,360,360,'318.pdf',3,'2018-09-21 11:48:11','2018-09-27 21:33:39'),(319,'Carteira de trabalho',25,132,380,360,'319.jpg',3,'2018-09-21 13:22:08','2018-09-27 21:34:46'),(320,'Estudo da evasão escolar dos cursos técnicos e superiores e sua correlação com o setor produtivo do Norte Fluminense, através de técnicas de aprendizado de máquina',2,134,800,360,'320.jpg',3,'2018-09-25 16:30:45','2018-09-27 21:32:43'),(321,'Bolsa de iniciação científica no NTEAD',2,135,12000,360,'321.pdf',3,'2018-10-09 21:07:03','2018-10-10 17:52:47'),(322,'Analista de Suporte Computacional',25,136,400,360,'322.pdf',3,'2018-10-10 04:26:51','2018-10-10 17:52:33'),(323,'Analista de Suoporte',25,125,360,360,'323.pdf',3,'2018-10-14 11:24:51','2018-10-19 00:43:44'),(324,'Atuação como mesário voluntário nas eleições gerais 2018',23,108,26,26,'324.pdf',3,'2018-11-13 01:51:38','2019-04-01 13:27:51'),(325,'Rescisão de contrato de prestação de serviços entre Renan e a Empresa C A C F SANTOS INFORMÁTICA',25,137,3360,360,'325.pdf',3,'2018-12-07 01:53:54','2019-01-28 14:31:50'),(326,'Período de trabalho atuando como Analista de Suporte Computacional',25,138,360,360,'326.pdf',3,'2019-01-14 22:58:21','2019-01-28 14:30:38'),(327,'Chefe da Seção de Informática do 56º BI',1,103,360,360,'327.pdf',3,'2019-02-16 14:24:00','2019-03-24 22:07:40'),(328,'Trabalho de Analista de suporte , empresa Virtual interactions consultoria',25,139,400,360,'328.jpg',3,'2019-03-16 18:29:08','2019-03-24 22:11:29'),(329,'Curso Programação Páginas Web',15,108,40,40,'329.pdf',3,'2019-03-18 04:55:40','2019-04-01 13:28:06'),(330,'Apresentação das horas de atividades complementares. ',25,128,360,360,'330.pdf',3,'2019-03-21 16:14:17','2019-03-24 22:12:09'),(331,'Horas de trabalho na área de desenvolvimento',25,141,360,360,'331.pdf',3,'2019-03-23 02:10:33','2019-03-24 22:08:38'),(332,'Atividades Complementares - Estágio/Trainee ',25,144,360,360,'332.png',3,'2019-03-26 01:11:06','2019-03-26 15:33:31'),(333,'Campus Party Brasil 12',16,121,1000,48,'333.pdf',3,'2019-03-30 02:36:11','2019-04-01 13:27:07'),(334,'Modelagem de Processos com Bizagi',15,121,4,4,'334.pdf',3,'2019-03-31 04:06:13','2019-04-01 13:27:32'),(335,'CryEngine 5',15,121,5,5,'335.pdf',3,'2019-04-02 18:23:17','2019-05-02 23:18:32'),(336,'Banco de Dados MySQL',15,121,3,3,'336.pdf',3,'2019-04-03 08:43:10','2019-05-02 23:18:40'),(337,'Desenvolvimento Android - Aprenda a criar 15 apps',1,121,40,40,'337.pdf',3,'2019-04-03 09:32:34','2019-05-02 23:19:25'),(338,'OTRS Básico - Instalação',15,121,1,1,'338.pdf',3,'2019-04-07 10:28:39','2019-05-02 23:19:34'),(339,'IV Encontro de Gerenciamento de Projetos',16,121,4,4,'339.pdf',3,'2019-04-07 10:31:11','2019-05-02 23:19:44'),(340,'Congresso Fluminense de Iniciação Científica e Tecnológica (CONFICT)',16,121,3,3,'340.pdf',3,'2019-04-07 10:39:12','2019-05-02 23:19:53'),(341,'Desenvolvimento Android Completo - Aprenda a criar 18 Apps',15,121,103,103,'341.pdf',3,'2019-04-16 02:39:11','2019-05-02 23:20:03'),(342,'XXI ENCONTRO DO DOSVOX',16,93,30,30,'342.pdf',3,'2019-04-17 15:58:06','2019-08-26 20:26:54'),(343,'SEMANA FLUXO',16,93,8,8,'343.pdf',3,'2019-04-17 15:59:56','2019-08-26 20:26:04'),(344,'EMPRESA JUNIOR AUREA - IFF CENTRO',23,93,80,80,'344.png',3,'2019-04-17 16:02:45','2020-02-12 18:24:43'),(345,'INTRODUÇÃO A LINGUAGEM PHYTON',15,93,3,3,'345.pdf',3,'2019-04-17 16:04:27','2019-08-26 20:27:05'),(346,'CURSO DE INFORMÁTICA',15,93,20,20,'346.pdf',3,'2019-04-17 16:05:42','2019-08-26 20:27:22'),(347,'CITI 2017',16,93,9,9,'347.pdf',3,'2019-04-17 16:07:45','2019-08-26 20:26:24'),(348,'CURSO DE GESTÃO DA QUALIDADE',15,93,80,80,'348.pdf',3,'2019-04-17 16:08:53','2020-02-12 18:25:04'),(349,'Introdução à Programação para Bioinformática com Python',15,121,8,8,'349.pdf',3,'2019-04-21 05:22:52','2019-05-02 23:20:13'),(350,'CodeIgniter: Criando Websites Profissionais com PHP',15,121,6,6,'350.pdf',3,'2019-04-22 09:40:22','2019-05-02 23:20:25'),(351,'Python & MySQL',15,121,6,6,'351.pdf',3,'2019-04-26 06:33:22','2019-05-02 23:20:33'),(352,'XVIII Semana de Informática',16,145,30,30,'352.pdf',3,'2019-04-27 00:37:43','2019-05-02 23:17:34'),(353,'XIX Semana de Informática',16,145,30,30,'353.pdf',3,'2019-04-27 00:38:30','2019-05-02 23:17:47'),(354,'Intercultura nível pós intermediário',24,145,135,135,'354.pdf',3,'2019-04-27 00:53:21','2019-05-02 23:17:59'),(355,'Cultura Inglesa curso Cultura Express',24,145,405,360,'355.pdf',3,'2019-04-27 00:56:18','2019-05-02 23:18:10'),(356,'IFF Web Day (2010)',16,145,3,3,'356.pdf',3,'2019-04-27 01:01:29','2019-05-02 23:18:19'),(357,'Campus Party 2013 (CPBR6)',16,145,32,32,'357.pdf',3,'2019-04-27 01:04:25','2019-05-02 23:16:37'),(358,'Desenvolvimento Web com PHP e Banco de Dados MySQL',15,121,8,8,'358.pdf',3,'2019-04-27 01:46:39','2019-05-02 23:20:42'),(359,'Web Design: Construa Sites com PHP, HTML, CSS e Javascript',15,121,5,5,'359.pdf',3,'2019-04-29 03:12:45','2019-05-02 23:20:51'),(360,'Curso Design Gráfico COMPLETO - 7 Cursos do Zero ao Avançado',15,121,29,29,'360.pdf',3,'2019-04-29 16:53:43','2019-05-02 23:21:08'),(361,'Curso de Inglês do nível básico ao avançado. Ministrado na Brisk English School Teaching, Campos dos Goytacazes.',24,118,200,200,'361.pdf',3,'2019-05-02 10:36:27','2019-05-02 23:17:08'),(362,'Técnica em Informática pela Tecnodados SJDR LTDA - ME',25,118,1000,360,'362.pdf',3,'2019-05-02 10:48:34','2019-05-02 23:16:05'),(363,'Curso Programação Básica .NET (C-Sharp)',15,108,60,60,'363.pdf',3,'2019-08-15 21:41:38','2019-08-26 20:26:38'),(364,'Curso Programação Avançada .NET (C-Sharp)',15,108,120,120,'364.pdf',3,'2019-08-15 21:42:58','2019-08-27 21:16:45'),(365,'Bolsa de Monitoria na disciplina de Programação',1,80,120,120,'365.pdf',3,'2019-08-20 16:31:49','2019-08-22 19:36:10'),(366,'Bolsista em projeto de iniciação científica I',2,80,120,120,'366.pdf',3,'2019-08-20 16:34:40','2019-08-22 19:36:24'),(367,'Bolsista em projeto de iniciação científica II',2,80,120,120,'367.pdf',3,'2019-08-20 16:35:55','2019-08-22 19:36:36'),(368,'Exercício da função de Chefe da Seção de Informática do 56º Batalhão de Infantaria no período de 28 nov 16 a 3 fev 17 (50 dias úteis x 8h diárias)',25,109,400,400,'368.pdf',3,'2019-08-28 16:40:07','2019-09-06 13:11:13'),(369,'Participante de Debate - Semana do Saber Fazer Saber',16,109,2,2,'369.pdf',3,'2019-08-28 16:44:22','2019-09-06 13:10:59'),(370,'CITI 2017',16,109,3,3,'370.pdf',3,'2019-08-28 16:47:11','2019-09-06 13:10:43'),(371,'Mini-curso',15,109,3,3,'371.pdf',3,'2019-08-28 16:48:55','2019-09-06 13:11:30'),(372,'Segurança em Redes',1,109,4,4,'372.pdf',3,'2019-08-28 16:49:59','2019-09-06 13:11:40'),(373,'Curso de redes - Protocolo TCP / IP',15,109,30,30,'373.pdf',3,'2019-08-28 18:08:28','2019-09-06 13:11:50'),(374,'Atividade complementar referente a bolsa de IC',2,147,360,360,'374.pdf',3,'2019-09-10 00:21:33','2019-09-10 19:08:31'),(375,'Participação do programa Ciência Sem Fronteiras na modalidade de Graduação Sanduíche na Xavier University (EUA), onde 1 crédito equivale a 15 horas/aula.',7,148,502,360,'375.pdf',3,'2019-09-10 02:52:52','2019-09-10 19:33:42'),(376,'Curso de Inglês do Centro de Línguas do IFF',24,148,360,360,'376.pdf',3,'2019-09-10 02:54:30','2019-09-10 19:33:51'),(377,'Operador Técnico N1 JR I na Indra Brasil Soluções e Serviços Tecnológicos SA',25,148,800,360,'377.pdf',3,'2019-09-10 02:55:47','2019-09-10 19:34:02'),(378,'Estágio de Suporte Técnico em T.I. no Hospital Unimed Campos.',8,148,720,360,'378.pdf',3,'2019-09-10 02:57:28','2019-09-10 19:34:11'),(379,'Sistema de Gestão de Resíduos',2,148,1520,360,'379.pdf',3,'2019-09-10 03:01:22','2019-09-10 19:34:20'),(380,'Campus Party Brasil 2013',16,148,50,40,'380.pdf',3,'2019-09-10 03:02:10','2019-09-10 19:34:32'),(381,'Campus Party Brasil 2014',16,148,50,40,'381.pdf',3,'2019-09-10 03:02:42','2019-09-10 19:34:41'),(382,'Software Engineering for Cancer Research',19,148,50,50,'382.pdf',3,'2019-09-10 03:06:11','2019-09-10 19:34:56'),(383,'Certificado de Participação no Programa de Imersão em Pesquisa de Nível Superior em Engenharia',2,148,240,240,'383.pdf',3,'2019-09-10 03:17:55','2019-09-10 19:35:11'),(384,'Rock\'n Rails 2012',16,148,8,8,'384.pdf',3,'2019-09-10 03:18:48','2019-09-10 19:35:21'),(385,'XVIII Semana de Informática',16,148,30,20,'385.pdf',3,'2019-09-10 03:19:20','2019-09-10 19:31:57'),(386,'Estudar álgebra espectral em fenômenos regionais observáveis por sensoriamento remoto (Bolsa de Iniciação Científica)',2,148,480,360,'386.pdf',3,'2019-09-10 03:20:33','2019-09-10 19:31:36'),(387,'Estudar álgebra espectral em fenômenos regionais observáveis por sensoriamento remoto (CONFICT)',22,148,30,30,'387.pdf',3,'2019-09-10 03:23:18','2019-09-10 19:32:09'),(388,'Ferramentas e métodos para aperfeiçoamento do funcionamento de um agente conversacional (Bolsa de Iniciação Científica)',2,148,480,360,'388.pdf',3,'2019-09-10 03:25:34','2019-09-10 19:32:24'),(389,'Ferramentas e métodos para aperfeiçoamento do funcionamento de um agente conversacional',20,148,30,30,'389.pdf',3,'2019-09-10 03:26:06','2019-09-10 19:32:34'),(390,'Jovem Aprendiz - Censanet ',25,151,1280,360,'390.pdf',3,'2019-11-07 14:30:08','2020-02-12 18:25:26'),(391,'Minicurso Série de Fourier e Transformada de Fourier',15,161,10,10,'391.pdf',3,'2019-12-04 13:11:10','2020-02-12 18:18:22'),(392,'CITI 2017',16,161,6,6,'392.pdf',3,'2019-12-04 13:13:40','2020-02-12 18:18:32'),(393,'Data Science: Do Zero A Machine Learning',15,161,3,3,'393.pdf',3,'2019-12-04 13:14:43','2020-02-12 18:19:13'),(394,'Segurança em Redes',15,161,4,4,'394.pdf',3,'2019-12-04 13:15:39','2020-02-12 18:19:23'),(395,'Docker',15,161,4,4,'395.pdf',3,'2019-12-04 13:16:28','2020-02-12 18:19:33'),(396,'CÉREBRO, MÚSCULO E CORPO NO DESENVOLVIMENTO DE INTERFACES HOMEM-MÁQUINA',15,161,4,4,'396.pdf',3,'2019-12-04 13:17:29','2020-02-12 18:19:41'),(397,'Campus Party Brasil 11',16,161,900,20,'397.pdf',3,'2019-12-04 13:20:26','2020-03-04 20:40:09'),(398,'Redação de Patentes, Além dos Guias + Oficinas Práticas',18,161,12,12,'398.png',3,'2019-12-04 13:21:36','2020-02-12 18:20:15'),(399,'Curso a distância de autoinstrução sobre Imposto Predial e Territorial Urbano (IPTU).',2,161,30,30,'399.pdf',3,'2019-12-04 13:24:12','2020-02-12 18:20:26'),(400,'CITI 2015 - Palestras',16,161,12,12,'400.pdf',3,'2019-12-04 13:25:25','2020-02-12 18:20:34'),(401,'Participação na Campus Party 2018 com duração de 6 dias, como o evento durava o dia inteiro contei então como 16 horas por dia.',16,163,96,48,'401.pdf',3,'2019-12-04 14:08:14','2020-02-11 22:58:08'),(402,'Participação na Campus Party 2019 com duração de 6 dias, como o evento durava o dia inteiro contei então como 16 horas por dia.',16,163,96,48,'402.pdf',3,'2019-12-04 14:09:40','2020-02-11 22:58:24'),(403,'Emprego como Analista de Suporte Computacional',25,162,400,360,'403.pdf',3,'2019-12-06 11:39:20','2020-02-12 18:13:48'),(404,'Campus Party 2019',16,165,100,48,'404.pdf',3,'2019-12-20 20:48:32','2020-02-11 22:59:37'),(405,'SÉRIE DE FOURIER E TRANSFORMADA DE FOURIER',15,158,10,10,'405.pdf',3,'2020-01-22 00:28:56','2020-02-12 18:21:42'),(406,'OP - GUI (5ª SEMANA DE ENGENHARIA DE CONTROLE E AUTOMAÇÃO)',15,158,3,3,'406.pdf',3,'2020-01-22 00:30:55','2020-02-12 18:21:51'),(407,'9º CONGRESSO INTEGRADO DA TECNOLOGIA DA INFORMAÇÃO (CITI 2017) ',16,158,3,3,'407.pdf',3,'2020-01-22 00:33:09','2020-02-12 18:21:59'),(408,'RUBY ON RAILS BÁSICO - 9º CONGRESSO INTEGRADO DA TECNOLOGIA DA INFORMAÇÃO (CITI 2017)',15,158,3,3,'408.pdf',3,'2020-01-22 00:34:29','2020-02-12 18:22:07'),(409,' MANUTENÇÃO DE MICROCOMPUTADORES -  9º CONGRESSO INTEGRADO DA TECNOLOGIA DA INFORMAÇÃO (CITI 2017) ',1,158,4,4,'409.pdf',3,'2020-01-22 00:35:47','2020-02-12 18:22:16'),(410,'PROJETO: CONFIGURAÇÃO DE REDES WIRELESS -  SEMANA DO SABER FAZER SABER ( evento 25A)',16,158,60,60,'410.pdf',3,'2020-01-22 00:38:25','2020-02-12 18:22:52'),(411,'Workshop NODE-RED - SÉTIMA SEMANA DE ENGENHARIA ',18,158,4,4,'411.pdf',3,'2020-01-22 00:40:05','2020-02-12 18:23:00'),(412,'ROBÔS DE INVESTIMENTO NO MERCADO FINANCEIRO -  X CONGRESSO INTEGRADO DA TECNOLOGIA DA INFORMAÇÃO (CITI 2019) ',15,158,3,3,'412.pdf',3,'2020-01-22 00:41:50','2020-02-12 18:23:09'),(413,'Workshop: Redação de Patentes, Além dos Guias + Oficinas Praticas',18,158,12,12,'413.png',3,'2020-01-22 00:43:58','2020-02-12 18:23:17'),(414,'Introdução a Arquitetura e Programação de GPUs de última geração (VIII Congresso Integrado da Tecnologia da Informação)',15,158,4,4,'414.pdf',3,'2020-01-22 00:46:15','2020-02-12 18:23:26'),(415,'Curso: Criando API\'s RESTful com Django Rest Framework',15,158,7,7,'415.pdf',3,'2020-01-22 00:48:36','2020-02-12 18:23:33'),(416,'Curso: Reconhecimento Facial com Python e OpenCV',15,158,3,3,'416.pdf',3,'2020-01-22 00:50:08','2020-02-12 18:23:41'),(417,'Accelerate Deep Learning on Raspberry Pi',15,158,1,1,'417.pdf',3,'2020-01-22 00:53:16','2020-02-12 18:23:50'),(418,'SIMPÓSIO ANUAL DE LIDERANÇA, TRABALHO E OPORTUNIDADE – SALTO 2019',16,158,4,4,'418.pdf',3,'2020-01-22 00:55:08','2020-02-12 18:24:01'),(419,'Ministrante de minicurso: Introdução Prática ao TensorFlow (CITI 2019)',10,158,3,3,'419.JPG',3,'2020-01-22 01:01:04','2020-02-12 18:24:09'),(420,'ROBÔS DE INVESTIMENTO NO MERCADO FINANCEIRO',15,161,3,3,'420.pdf',3,'2020-01-23 16:19:30','2020-02-12 18:20:44'),(421,'NODE-RED UMA LINGUAGEM GRÁFICA PARA INTERAÇÃO COM HARDWARE, SERVIÇOS ON-LINE E INTERNET DAS COISA (IDC)',15,161,3,3,'421.pdf',3,'2020-01-23 16:20:08','2020-02-12 18:20:53'),(422,'Palestra - A GESTÃO DE RISCOS CIBERNÉTICOS NA INDÚSTRIA 4.0 E AS NOVAS PROFISSÕES CRIADAS NESTA ÁREA',16,161,2,2,'422.pdf',3,'2020-01-23 16:23:19','2020-02-12 18:21:05'),(423,'Mesa Redonda - TECNOLOGIAS EMERGENTES E AS NOVAS PROFISSÕES',16,161,2,2,'423.pdf',3,'2020-01-24 00:11:07','2020-02-12 18:21:17'),(425,'Monitoria de Calculo periodo de 10/01/2018 a 30/06/2019',1,166,120,70,'425.pdf',3,'2020-01-27 19:44:52','2020-01-27 19:46:49'),(426,'Apresentação do resumo: SisGEM – Sistema de Gestão de Equipamentos Móveis',22,161,30,30,'426.pdf',3,'2020-02-06 17:51:39','2020-02-12 18:21:30'),(427,'Iniciação Científica 2017/2018',2,163,240,240,'427.pdf',3,'2020-02-11 23:16:49','2020-02-12 18:10:40'),(428,'Iniciação Científica 2018/2019',1,163,240,240,'428.pdf',3,'2020-02-11 23:17:30','2020-02-12 18:11:08'),(429,'Inglês Instrumental para Engenharia',24,158,40,40,'429.pdf',3,'2020-02-13 02:53:19','2020-03-04 20:18:32'),(430,'Bolsista PIBIC/IFFluminense em Projeto de Pesquisa Intitulado: \"Aplicabilidade da Inteligência Computacional na Solução de Problemas nas Áreas de Arquitetura e Urbanismo\".',2,161,580,40,'430.pdf',3,'2020-02-15 17:24:41','2020-03-04 20:16:10'),(431,'Voluntário em Projeto de Pesquisa Intitulado: \"SisGEM – Sistema de Gestão de Equipamentos Móveis\" (2018).',2,161,144,10,'431.pdf',3,'2020-02-15 17:27:00','2020-03-04 20:12:15'),(432,'Bolsista PIBIC/IFFluminense em Projeto de Pesquisa Intitulado: \"SisGEM – Sistema de Gestão de Equipamentos Móveis\" (2019).',2,161,752,10,'432.pdf',3,'2020-02-15 17:29:01','2020-03-04 20:14:51'),(433,'Workshop de redação de patentes',18,159,12,NULL,'433.png',3,'2020-02-18 01:47:12','2020-02-18 01:47:12'),(434,'Palestra Tecnologia e o novo mercado de trabalho',16,159,3,NULL,'434.pdf',3,'2020-02-18 01:49:37','2020-02-18 01:49:37'),(435,'Palestras durante o VIII Congresso Integrado da Tecnologia da Informação 2015',16,159,12,NULL,'435.pdf',3,'2020-02-18 01:51:36','2020-02-18 01:51:36'),(436,'Minicurso Mapas Conceituais e o CmaTool CITI 2015 ',15,159,4,NULL,'436.pdf',3,'2020-02-18 01:53:37','2020-02-18 01:53:37'),(437,'Apresentação de Banner no XI Congresso Fluminense de Iniciação Científica e Tecnológica',16,159,2,NULL,'437.pdf',3,'2020-02-18 01:56:04','2020-02-18 01:56:04'),(438,'Apresentação de Banner no X Congresso Fluminense de Iniciação Científica e Tecnológica',16,159,2,NULL,'438.pdf',3,'2020-02-18 01:57:16','2020-02-18 01:57:16'),(439,'Apresentação de Banner no IX Congresso Fluminense de Iniciação Científica e Tecnológica',1,159,2,NULL,'439.pdf',3,'2020-02-18 01:58:34','2020-02-18 01:58:34'),(440,'Palestra DESENVOLVIMENTO DE SISTEMAS DE TEMPO REAL PARA APLICAÇÕES CRÍTICAS – UM ESTUDO DE CASO - CITI 2019',16,159,2,NULL,'440.pdf',3,'2020-02-18 02:00:28','2020-02-18 02:00:28'),(441,'Palestra DEEP LEARNING E DETECÇÃO DE OBJETOS - CITI 2019',1,159,2,NULL,'441.pdf',3,'2020-02-18 02:01:44','2020-02-18 02:01:44'),(442,'Palestra COMPUTAÇÃO EM NUVEM, SUA APLICABILIDADE E O FUTURO DA INFRAESTRUTURA DE ARMAZENAMENTO DE DADOS - CITI 2019',1,159,2,NULL,'442.pdf',3,'2020-02-18 02:03:03','2020-02-18 02:03:03'),(443,'Evento SIMPÓSIO ANUAL DE LIDERANÇA, TRABALHO E OPORTUNIDADE – SALTO 2019',16,159,4,NULL,'443.pdf',3,'2020-02-18 02:04:56','2020-02-18 02:04:56'),(444,'Minicurso CERTIFICAÇÃO ANDROID - CITI 2017',15,159,4,NULL,'444.pdf',3,'2020-02-18 02:06:56','2020-02-18 02:06:56'),(445,'Minicurso GERENCIAMENTO DE PLUGINS NO FRAMEWORK REDMINE - CITI 2017',15,159,3,NULL,'445.pdf',3,'2020-02-18 02:08:17','2020-02-18 02:08:17'),(446,'Minicurso RUBY ON RAILS BÁSICO - CITI 2017',1,159,3,NULL,'446.pdf',3,'2020-02-18 02:09:54','2020-02-18 02:09:54'),(447,'Conjunto de atividades do evento 9º CONGRESSO INTEGRADO DA TECNOLOGIA DA INFORMAÇÃO (CITI 2017)',16,159,6,NULL,'447.pdf',3,'2020-02-18 02:11:38','2020-02-18 02:11:38'),(448,'Minicurso SÉRIE DE FOURIER E TRANSFORMADA DE FOURIER',15,159,10,NULL,'448.pdf',3,'2020-02-18 02:13:00','2020-02-18 02:13:00'),(449,'Apresentação de Banner no VIII Congresso Fluminense de Iniciação Científica e Tecnológica',16,159,2,NULL,'449.pdf',3,'2020-02-18 02:14:38','2020-02-18 02:14:38'),(450,'Iniciação Científica 2018/2019',2,159,170,NULL,'450.pdf',3,'2020-02-18 02:30:46','2020-02-18 02:33:06'),(451,'LATINOWARE 2016',16,158,27,20,'451.pdf',3,'2020-02-18 12:06:51','2020-03-04 20:19:16'),(452,'Minicurso LABVIEW',15,160,3,3,'452.pdf',3,'2020-02-19 18:19:48','2020-03-04 20:21:47'),(453,'Minicurso SÉRIE DE FOURIER E TRANSFORMADA DE FOURIER',15,160,10,10,'453.pdf',3,'2020-02-19 18:22:14','2020-03-04 20:21:58'),(454,'Participante do conjunto de atividades do evento 9o CONGRESSO INTEGRADO DA TECNOLOGIA DA INFORMAÇÃO (CITI 2017)',16,160,3,3,'454.pdf',3,'2020-02-19 18:25:49','2020-03-04 20:23:04'),(455,'Minicurso DATA SCIENCE: DO ZERO A MACHINE LEARNING',15,160,3,3,'455.pdf',3,'2020-02-19 18:26:41','2020-03-04 20:23:13'),(456,'Minicurso SEGURANÇA EM REDES',15,160,4,4,'456.pdf',3,'2020-02-19 18:27:32','2020-03-04 20:23:20'),(457,'Minicurso Docker',15,160,4,4,'457.pdf',3,'2020-02-19 18:28:31','2020-03-04 20:23:29'),(458,'Minicurso GIT PARA INICIANTES',15,160,3,3,'458.pdf',3,'2020-02-19 18:29:30','2020-03-04 20:33:00'),(459,'Participante do debate EXIBIÇÃO E DISCUSSÃO DO FILME: \"O JARDIM DAS AFLIÇÕES\"',6,160,2,2,'459.pdf',3,'2020-02-19 18:31:38','2020-03-04 20:33:10'),(460,'Workshop NODE-RED',18,160,4,4,'460.pdf',3,'2020-02-19 18:32:35','2020-03-04 20:33:18'),(461,'Minicurso ROBÔS DE INVESTIMENTO NO MERCADO FINANCEIRO,',15,160,3,3,'461.pdf',3,'2020-02-19 18:33:38','2020-03-04 20:33:26'),(462,'Palestra A GESTÃO DE RISCOS CIBERNÉTICOS NA INDÚSTRIA 4.0 E AS NOVAS PROFISSÕES CRIADAS NESTA ÁREA',16,160,2,2,'462.pdf',3,'2020-02-19 18:36:13','2020-03-04 20:33:37'),(463,'Participante da mesa redonda TECNOLOGIAS EMERGENTES E AS NOVAS PROFISSÕES',6,160,2,2,'463.pdf',3,'2020-02-19 18:37:16','2020-03-04 20:34:43'),(464,'Participante da palestra DEEP LEARNING E DETECÇÃO DE OBJETOS',16,160,2,2,'464.pdf',3,'2020-02-19 18:38:02','2020-03-04 20:34:50'),(465,'Participante da palestra DESENVOLVIMENTO DE SISTEMAS DE TEMPO REAL PARA APLICAÇÕES CRÍTICAS – UM ESTUDO DE CASO',1,160,2,2,'465.pdf',3,'2020-02-19 18:40:10','2020-03-04 20:35:00'),(466,'Workshop de redação de patentes',18,160,12,12,'466.png',3,'2020-02-19 18:41:33','2020-03-04 20:32:53'),(467,'curso de “Ferramentas Corporacionais para produtividade acadêmica e organizacional ”',15,160,8,8,'467.pdf',3,'2020-02-19 18:44:21','2020-03-04 20:35:11'),(468,'Palestras do VIII Congresso Integrado da Tecnologia da Informação',16,160,12,4,'468.pdf',3,'2020-02-19 18:45:26','2020-03-04 20:35:25'),(469,'Apresentação de trabalho no CONFICT',22,160,30,20,'469.pdf',3,'2020-02-19 18:54:38','2020-03-04 20:36:57'),(470,'Publicação de artigo no evento 1st IAA Latin American Symposium on Small Satellites como co-autor. Nome do artigo publicado: An Environment for Developing Software for Small Satellites.',20,160,30,20,'470.pdf',3,'2020-02-19 19:07:23','2020-03-04 20:37:17'),(471,'Publicação de artigo LOW-COST METHOD TO MEASURE AND REMOTELY MONITOR WATER TANK LEVEL',20,160,30,20,'471.pdf',3,'2020-02-19 19:14:26','2020-03-04 20:37:28'),(472,'Bolsa de Iniciação Tecnológica Projeto 14-BISat',2,160,20,20,'472.pdf',3,'2020-02-19 19:20:58','2020-03-04 20:37:38'),(473,'Bolsa de Iniciação Tecnológica Projeto Métodos e Ferramentas para Desenvolvimento de Sistemas Científicos e de Engenharia',2,160,20,20,'473.pdf',3,'2020-02-19 19:22:29','2020-03-04 20:35:54'),(474,'Declaração de estágio extracurricular (Período ultrapassou a carga horária exigida)',8,160,70,70,'474.pdf',3,'2020-02-19 19:26:17','2020-03-04 20:35:43'),(475,'Projeto HALLOWEEN AT CELIFF - 26ª SEMANA DO SABER FAZER SABER (2019)',16,159,30,NULL,'475.pdf',3,'2020-02-23 17:28:38','2020-02-23 17:28:38'),(476,'Python para Android, iOS, Win, Linux e Mac',15,158,52,20,'476.pdf',3,'2020-03-02 16:07:35','2020-03-04 20:19:37'),(477,'Python com Django e AWS Elastic Beanstalk',15,158,2,2,'477.pdf',3,'2020-03-02 16:09:25','2020-03-04 20:19:51'),(478,'Ionic 3 Hero',15,158,7,5,'478.pdf',3,'2020-03-02 16:11:14','2020-03-04 20:20:26'),(479,'Monitoria com a professora Lucio no periodo de 01/03/2019 a 31/07/2019',1,169,400,360,'479.pdf',3,'2020-03-03 20:49:14','2020-03-03 20:53:29'),(480,'Seminário de Sistemas Embarcados e IoT 2020: Edição Online',16,159,24,NULL,'480.pdf',3,'2020-09-02 02:35:21','2020-09-02 02:35:21');
/*!40000 ALTER TABLE `atividades` ENABLE KEYS */;
UNLOCK TABLES;

--
-- Table structure for table `modalidades`
--

DROP TABLE IF EXISTS `modalidades`;
/*!40101 SET @saved_cs_client     = @@character_set_client */;
/*!40101 SET character_set_client = utf8 */;
CREATE TABLE `modalidades` (
  `id` int(11) NOT NULL AUTO_INCREMENT,
  `titulo` varchar(255) COLLATE utf8_unicode_ci DEFAULT NULL,
  `limite` int(11) DEFAULT NULL,
  `created_at` datetime NOT NULL,
  `updated_at` datetime NOT NULL,
  PRIMARY KEY (`id`)
) ENGINE=InnoDB AUTO_INCREMENT=26 DEFAULT CHARSET=utf8 COLLATE=utf8_unicode_ci;
/*!40101 SET character_set_client = @saved_cs_client */;

--
-- Dumping data for table `modalidades`
--

LOCK TABLES `modalidades` WRITE;
/*!40000 ALTER TABLE `modalidades` DISABLE KEYS */;
INSERT INTO `modalidades` VALUES (1,'Atividade de Monitoria',152,'2015-09-15 17:14:18','2015-09-15 17:14:18'),(2,'Atividade de iniciação científica ou equivalente',150,'2015-09-15 17:14:18','2015-09-15 17:14:18'),(3,'Autor ou co-autor de capítulo de livro-50h',100,'2015-09-15 17:14:18','2015-09-15 17:14:18'),(4,'Autor ou co-autor de  livro-120h por livro',100,'2015-09-15 17:14:18','2015-09-15 17:14:18'),(5,'Certificação profissional na área do Curso-30h por certificação',90,'2015-09-15 17:14:18','2015-09-15 17:14:18'),(6,'Debatedor em mesa-redonda ou similar',70,'2015-09-15 17:14:18','2015-09-15 17:14:18'),(7,'Disciplina não aproveitada como créditos no Curso',180,'2015-09-15 17:14:18','2015-09-15 17:14:18'),(8,'Estágio não obrigatório de no minimo - 60 Horas',152,'2015-09-15 17:14:18','2015-09-15 17:14:18'),(9,'Exercício de cargo eletivo na diretoria do DCE ou do CA do Curso-20h',20,'2015-09-15 17:14:18','2015-09-15 17:14:18'),(10,'Ministrante de curso de extensão',70,'2015-09-15 17:14:18','2015-09-15 17:14:18'),(11,'Ministrante de palestra',70,'2015-09-15 17:14:18','2015-09-15 17:14:18'),(12,'Participação em banca de trabalho de conclusão de curso ',10,'2015-09-15 17:14:18','2015-09-15 17:14:18'),(13,'Participação em comissão organizadora de evento e similar-10h por evento',30,'2015-09-15 17:14:18','2015-09-15 17:14:18'),(14,'Participação em concurso acadêmico-10h por Inscrição e 30h por Premiação',80,'2015-09-15 17:14:18','2015-09-15 17:14:18'),(15,'Participação em cursos/mini-cursos',125,'2015-09-15 17:14:18','2015-09-15 17:14:18'),(16,'Participação em eventos',50,'2015-09-15 17:14:18','2015-09-15 17:14:18'),(17,'Participação em equipe esportiva do IFF-20h por semestre',40,'2015-09-15 17:14:18','2015-09-15 17:14:18'),(18,'Participação em Workshops',125,'2015-09-15 17:14:18','2015-09-15 17:14:18'),(19,'Publicação de artigo científico completo-50h por artigo',150,'2015-09-15 17:14:18','2015-09-15 17:14:18'),(20,'Publicação de artigo científico-30h por artigo',90,'2015-09-15 17:14:18','2015-09-15 17:14:18'),(21,'Publicação de produção autoral-20h por produção',60,'2015-09-15 17:14:18','2015-09-15 17:14:18'),(22,'Resumo em anais de evento científico como autor ou co-autor- 30h por artigo',90,'2015-09-15 17:14:18','2015-09-15 17:14:18'),(23,'Serviço voluntário de caráter sócio comunitário',70,'2015-09-15 17:14:18','2015-09-15 17:14:18'),(24,'Realização de curso de idioma',125,'2015-09-15 17:14:18','2015-09-15 17:14:18'),(25,'Emprego na área de Tecnologia da Informação',3600,'2017-03-08 21:58:09','2017-03-08 21:58:09');
/*!40000 ALTER TABLE `modalidades` ENABLE KEYS */;
UNLOCK TABLES;

--
-- Table structure for table `schema_migrations`
--

DROP TABLE IF EXISTS `schema_migrations`;
/*!40101 SET @saved_cs_client     = @@character_set_client */;
/*!40101 SET character_set_client = utf8 */;
CREATE TABLE `schema_migrations` (
  `version` varchar(255) COLLATE utf8_unicode_ci NOT NULL,
  UNIQUE KEY `unique_schema_migrations` (`version`)
) ENGINE=InnoDB DEFAULT CHARSET=utf8 COLLATE=utf8_unicode_ci;
/*!40101 SET character_set_client = @saved_cs_client */;

--
-- Dumping data for table `schema_migrations`
--

LOCK TABLES `schema_migrations` WRITE;
/*!40000 ALTER TABLE `schema_migrations` DISABLE KEYS */;
INSERT INTO `schema_migrations` VALUES ('20150827154015'),('20150827154259'),('20150827154330'),('20150827161547'),('20150828171008'),('20150828180147'),('20150901150235'),('20150904165242');
/*!40000 ALTER TABLE `schema_migrations` ENABLE KEYS */;
UNLOCK TABLES;

--
-- Table structure for table `users`
--

DROP TABLE IF EXISTS `users`;
/*!40101 SET @saved_cs_client     = @@character_set_client */;
/*!40101 SET character_set_client = utf8 */;
CREATE TABLE `users` (
  `id` int(11) NOT NULL AUTO_INCREMENT,
  `email` varchar(255) COLLATE utf8_unicode_ci NOT NULL DEFAULT '',
  `encrypted_password` varchar(255) COLLATE utf8_unicode_ci DEFAULT '',
  `reset_password_token` varchar(255) COLLATE utf8_unicode_ci DEFAULT NULL,
  `reset_password_sent_at` datetime DEFAULT NULL,
  `remember_created_at` datetime DEFAULT NULL,
  `sign_in_count` int(11) NOT NULL DEFAULT '0',
  `current_sign_in_at` datetime DEFAULT NULL,
  `last_sign_in_at` datetime DEFAULT NULL,
  `current_sign_in_ip` varchar(255) COLLATE utf8_unicode_ci DEFAULT NULL,
  `last_sign_in_ip` varchar(255) COLLATE utf8_unicode_ci DEFAULT NULL,
  `created_at` datetime DEFAULT NULL,
  `updated_at` datetime DEFAULT NULL,
  `nome` varchar(255) COLLATE utf8_unicode_ci DEFAULT NULL,
  `matricula` varchar(255) COLLATE utf8_unicode_ci DEFAULT NULL,
  `curso` varchar(255) COLLATE utf8_unicode_ci DEFAULT NULL,
  `tipo` varchar(255) COLLATE utf8_unicode_ci DEFAULT NULL,
  `confirmation_token` varchar(255) COLLATE utf8_unicode_ci DEFAULT NULL,
  `confirmed_at` datetime DEFAULT NULL,
  `confirmation_sent_at` datetime DEFAULT NULL,
  `unconfirmed_email` varchar(255) COLLATE utf8_unicode_ci DEFAULT NULL,
  `invitation_token` varchar(255) COLLATE utf8_unicode_ci DEFAULT NULL,
  `invitation_created_at` datetime DEFAULT NULL,
  `invitation_sent_at` datetime DEFAULT NULL,
  `invitation_accepted_at` datetime DEFAULT NULL,
  `invitation_limit` int(11) DEFAULT NULL,
  `invited_by_id` int(11) DEFAULT NULL,
  `invited_by_type` varchar(255) COLLATE utf8_unicode_ci DEFAULT NULL,
  `invitations_count` int(11) DEFAULT '0',
  PRIMARY KEY (`id`),
  UNIQUE KEY `index_users_on_email` (`email`),
  UNIQUE KEY `index_users_on_reset_password_token` (`reset_password_token`),
  UNIQUE KEY `index_users_on_invitation_token` (`invitation_token`),
  KEY `index_users_on_invitations_count` (`invitations_count`),
  KEY `index_users_on_invited_by_id` (`invited_by_id`)
) ENGINE=MyISAM AUTO_INCREMENT=172 DEFAULT CHARSET=utf8 COLLATE=utf8_unicode_ci;
/*!40101 SET character_set_client = @saved_cs_client */;

--
-- Dumping data for table `users`
--

LOCK TABLES `users` WRITE;
/*!40000 ALTER TABLE `users` DISABLE KEYS */;
INSERT INTO `users` VALUES (3,'mjvamorim@gmail.com','$2a$10$.RrsOUYHVeHJOdT2JF2rc.91xpMLdx3OhF4HtieHmjs.OspJrB1rS','cd9fcdfa70343fdb4268308bf8ac3265ee1b89f3f6e34effe1b2c964b8d9db6c','2019-09-09 22:29:15',NULL,209,'2020-09-10 21:06:44','2020-09-08 18:02:30','200.143.198.42','177.47.139.14','2015-09-15 17:35:16','2020-09-10 21:06:44','Mauricio Amorim','0000.0.000.0000','Bacharelao em Sistemas de Informação','Administrador',NULL,'2015-09-15 03:00:00',NULL,NULL,NULL,NULL,NULL,'2015-11-26 19:54:43',NULL,NULL,NULL,0),(4,'elianagaudium@gmail.com','$2a$10$ulE1h4Y5C/NAljVdNTt3uenkW.sYhgLnTn0gwj1z9oCCzNYDdsxUm','c3a85bb484e4d4abf11808ae7949eb7f112301a532edf3a4ecaa47103962c881','2015-11-21 10:51:46',NULL,5,'2015-12-08 12:30:51','2015-12-08 09:46:52','200.143.198.43','200.143.198.43','2015-10-30 11:07:17','2015-12-08 12:30:51','Eliana da Silva Barbosa','2011.2.120.0010','Bacharelao em Sistemas de Informação','Aluno','af5d81d7ff7adc91043b50fb308fcd326b12dd77395538e3d675a6cf883c4c73','2015-11-27 02:00:00','2015-11-21 10:56:54',NULL,NULL,NULL,NULL,'2015-11-26 19:54:43',NULL,NULL,NULL,0),(5,'fazevedonat@gmail.com','$2a$10$Qc5xWtWaMj1OjIyN9igNr.pnnlZcOIWjPJ6IoZ6JpoQD/89D4BR/a','ASWxVxVjNUGsxVrFCqfn',NULL,NULL,2,'2015-12-11 00:27:43','2015-12-09 23:02:37','177.47.140.178','177.47.140.178','2015-11-26 21:45:30','2015-12-11 00:27:43','Franciny Silva Azevedo','2011.2.120.0176','Bacharelao em Sistemas de Informação','Aluno','08d57ef45df4bc18ba059cd235b740a84a81b9c2e1733e0f12e6097057eb7a50','2015-11-27 02:00:00','2015-11-26 21:45:30',NULL,NULL,NULL,NULL,'2015-11-26 19:54:43',NULL,NULL,NULL,0),(6,'dubonzi@gmail.com','$2a$10$L6y3ySZwMrh1bvQ.WGpkruJhMQQKKNkX6uKh02ApY/fmdCxIUQzLe',NULL,NULL,NULL,1,'2016-04-01 13:45:46','2016-04-01 13:45:46','191.248.208.167','191.248.208.167','2015-11-30 12:58:08','2016-04-01 13:45:46','Eduardo Bonzi da Conceição','2009.1.120.0048','Bacharelao em Sistemas de Informação','Aluno',NULL,'2016-03-31 22:59:39','2016-03-31 22:57:27',NULL,NULL,NULL,NULL,NULL,NULL,NULL,NULL,0),(7,'amorim@iff.edu.br','$2a$10$WGqpMAzU.Carg8ZWrmrzO.emREf1V241q4SH.wss.k6/IsodgmL2m',NULL,NULL,NULL,1,'2015-12-03 22:22:58','2015-12-03 22:22:58','200.143.198.43','200.143.198.43','2015-12-03 22:20:21','2015-12-04 11:06:46','Maurício José Viana Amorim','0000.0.000.0000','Bacharelao em Sistemas de Informação','Aluno',NULL,'2015-12-03 02:00:00','2015-12-03 22:20:21',NULL,NULL,NULL,NULL,NULL,NULL,NULL,NULL,0),(8,'joneyviana@gmail.com','$2a$10$9pfiRbcJBfrVbLr1Z3iu0eCvZABkskEC9SgIEVix2i2Dz3zgkukeK','452de410eec28aaee6e686764b8eb4c5d23f01e409fb960e72238b265b8a4c85','2015-12-16 16:42:54',NULL,9,'2015-12-23 00:37:53','2015-12-22 00:41:25','177.100.73.190','177.100.85.152','2015-12-04 09:59:14','2015-12-23 00:37:53','Joney Viana Gomes','2011.2.120.0338','Bacharelao em Sistemas de Informação','Aluno',NULL,'2015-12-04 10:01:24','2015-12-04 09:59:14',NULL,NULL,NULL,NULL,NULL,NULL,NULL,NULL,0),(9,'fe.rra@live.com','$2a$10$kqZBd4bhVzOgcL2cIuWJeOPe3kJsQtq6yCo9GmwdvOhUO1ojLsswe','K1DHcsncezyFFkzxqsRa',NULL,NULL,6,'2015-12-21 10:11:09','2015-12-18 10:13:37','164.85.84.105','164.85.21.106','2015-12-04 10:32:50','2015-12-21 10:11:09','Felipe da Silva Rangel','2011.2.120.0311','Bacharelao em Sistemas de Informação','Aluno',NULL,'2015-12-04 02:00:00','2015-12-04 10:32:50',NULL,NULL,NULL,NULL,NULL,NULL,NULL,NULL,0),(10,'a.hugofonseca@gmail.com','$2a$10$vbiGn1gTD5YZJW8zOJq1bOJtGcds/.NwLS2IO0wUc21aBIshmDLTS',NULL,NULL,NULL,2,'2018-09-17 16:54:28','2015-12-04 11:18:03','190.180.189.174','164.85.83.104','2015-12-04 11:17:24','2018-09-17 16:54:28','Hugo Abreu da Fonseca','2011.2.120.0230','Bacharelao em Sistemas de Informação','Aluno',NULL,'2015-12-04 11:17:49','2015-12-04 11:17:24',NULL,NULL,NULL,NULL,NULL,NULL,NULL,NULL,0),(11,'rodrigochweb@gmail.com','$2a$10$jO6L5qFcVYEatjoRZOzwg.2/TbRHkNKpUPxAj81SVv/sC2gxzIsia',NULL,NULL,'2015-12-04 16:25:40',3,'2015-12-15 17:39:32','2015-12-11 20:05:30','200.143.198.43','177.84.254.241','2015-12-04 16:20:25','2015-12-15 17:39:32','Rodrigo Terra Chaves','2011.2.120.0320','Bacharelao em Sistemas de Informação','Aluno',NULL,'2015-12-04 16:23:38','2015-12-04 16:20:25',NULL,NULL,NULL,NULL,NULL,NULL,NULL,NULL,0),(12,'jpseixasesilva@hotmail.com','$2a$10$PoyYd6cK8yc/DAqcn0ZHZuzsUc8qPntME/xT49Wl1PuUNbJCi8CEO','2593593cac07eb684e02e3b82d3653503eb4feb70b8ef911f28580350e465db5','2016-10-19 15:58:57',NULL,6,'2016-10-19 16:10:24','2015-12-18 11:12:38','187.19.63.193','200.143.198.43','2015-12-09 10:18:12','2016-10-19 16:10:24','João Paulo Seixas Alves e Silva','2008.2.120.0022','Bacharelao em Sistemas de Informação','Aluno',NULL,'2015-12-09 10:18:39','2015-12-09 10:18:13',NULL,NULL,NULL,NULL,NULL,NULL,NULL,NULL,0),(13,'silvaferreira.hsf@gmail.com','$2a$10$BmGF11K/.FqJXHzy5e2hke0qrnF/HfktRvX9HWEAJVLHcBhplCvJG',NULL,NULL,NULL,1,'2015-12-10 14:15:45','2015-12-10 14:15:45','190.180.180.18','190.180.180.18','2015-12-10 14:15:22','2015-12-10 14:15:45','Hudson Silva Ferreira','2011.2.120.0184','Bacharelao em Sistemas de Informação','Aluno',NULL,'2015-12-10 14:15:34','2015-12-10 14:15:22',NULL,NULL,NULL,NULL,NULL,NULL,NULL,NULL,0),(14,'grazihsilvaa@gmail.com','$2a$10$5VwDiO8CYitsLZYOYlDTh.M36b1urIDlwRR3x5R3gHAVNl/Flkqu6',NULL,NULL,'2015-12-10 14:47:40',2,'2015-12-20 23:41:31','2015-12-10 14:47:40','190.180.173.159','190.180.173.159','2015-12-10 14:47:15','2015-12-20 23:41:31','Grazieli de Oliveira Silva','2014.2.120.0350','Bacharelao em Sistemas de Informação','Aluno',NULL,'2015-12-10 14:47:29','2015-12-10 14:47:15',NULL,NULL,NULL,NULL,NULL,NULL,NULL,NULL,0),(15,'silvafarol2@yahoo.com.br','$2a$10$Vloe0IJZ2qa3iy/5Kv9Z6eRDKiXy9fH545bj4CRO0nu2OwtdIRiW2',NULL,NULL,NULL,2,'2015-12-13 13:57:42','2015-12-12 00:29:06','131.100.12.2','131.100.15.2','2015-12-12 00:26:54','2015-12-13 13:57:42','Adriana nunes da silva','','Bacharelao em Sistemas de Informação','Aluno',NULL,'2015-12-12 00:28:10','2015-12-12 00:26:55',NULL,NULL,NULL,NULL,NULL,NULL,NULL,NULL,0),(16,'ruhan.fa@gmail.com','$2a$10$FZQB8PLFE.mPrbFncx0MBebBuV/iVy7XbHDMs8s7q6UBgrA0vrrr2',NULL,NULL,'2016-04-05 01:10:51',2,'2016-04-05 01:10:53','2015-12-14 20:42:31','190.180.165.3','177.47.135.49','2015-12-14 18:14:42','2016-04-05 01:10:53','Ruhan Ferreira Almeida','2008.2.120.0251','Bacharelao em Sistemas de Informação','Aluno',NULL,'2015-12-14 20:29:25','2015-12-14 18:14:46',NULL,NULL,NULL,NULL,NULL,NULL,NULL,NULL,0),(18,'bia.fabianearaujo@gmail.com','$2a$10$KMF68HGg9zXO/veAK6rvw.QrQj520XQMODizBM0GAPR/tQ8HCgdMS',NULL,NULL,NULL,4,'2017-03-10 21:45:05','2016-12-20 13:37:26','191.32.130.30','179.178.216.238','2015-12-14 20:12:40','2017-03-10 21:45:05','Fabiane Araujo Leonardo','2013.2.120.0382','Bacharelao em Sistemas de Informação','Aluno',NULL,'2015-12-14 20:24:38','2015-12-14 20:12:40',NULL,NULL,NULL,NULL,NULL,NULL,NULL,NULL,0),(19,'line.o.freitas@hotmail.com','$2a$10$6tmAbwwLqrKEp6B51hLWV.SbZ0yHxJzJlvCTo.IWEUJP6sxFnX2qK',NULL,NULL,'2015-12-14 21:16:42',2,'2015-12-14 21:16:42','2015-12-14 21:16:42','179.236.113.215','179.236.113.215','2015-12-14 21:16:10','2015-12-14 21:16:42','Aline de Oliveira Freitas','2008.2.120.0065','Bacharelao em Sistemas de Informação','Aluno',NULL,'2015-12-14 21:16:23','2015-12-14 21:16:10',NULL,NULL,NULL,NULL,NULL,NULL,NULL,NULL,0),(20,'leonardo.delfica@gmail.com','$2a$10$J.GpBFX0qYsacdcillQzTOnqyCqQkJj7hBH1PFHzTq/1.OtuL9tEm',NULL,NULL,'2015-12-22 21:05:09',8,'2015-12-23 23:57:35','2015-12-23 11:01:34','66.249.88.232','177.47.143.127','2015-12-15 10:34:43','2015-12-23 23:57:35','Leonardo Gomes da Silva','2011.2.120.0109','Bacharelao em Sistemas de Informação','Aluno',NULL,'2015-12-15 10:35:08','2015-12-15 10:34:43',NULL,NULL,NULL,NULL,NULL,NULL,NULL,NULL,0),(21,'dansdantas@gmail.com','$2a$10$2OMQYQ5pUR4GhZRX9jaJqOhWKeYijbUC7HEK.5avHzSKGI85mgJrC',NULL,NULL,NULL,1,'2015-12-16 09:37:28','2015-12-16 09:37:28','191.32.240.251','191.32.240.251','2015-12-16 09:36:56','2015-12-16 09:37:28','Daniel Santos Dantas','2010.1.120.0120','Bacharelao em Sistemas de Informação','Aluno',NULL,'2015-12-16 09:37:21','2015-12-16 09:36:56',NULL,NULL,NULL,NULL,NULL,NULL,NULL,NULL,0),(22,'diogo.azvg@gmail.com','$2a$10$kcM8IogHRGqM91dob7i5gOrAC8q.HYG1u8nol7fx8QNiu5trQ8oUW',NULL,NULL,NULL,1,'2015-12-16 15:27:45','2015-12-16 15:27:45','200.143.198.43','200.143.198.43','2015-12-16 15:26:58','2015-12-16 15:27:45','Diogo Azevedo Gouveia','2011.1.120.0238','Bacharelao em Sistemas de Informação','Aluno',NULL,'2015-12-16 15:27:32','2015-12-16 15:26:59',NULL,NULL,NULL,NULL,NULL,NULL,NULL,NULL,0),(23,'arisonviana@hotmail.com','$2a$10$hyWkDc/Ut0HXcapnrL3rpOXS3TjCCQROgpXGzFpRQy/3aedUwVPvC',NULL,NULL,NULL,2,'2015-12-20 22:42:08','2015-12-17 10:43:52','179.180.83.238','164.85.84.105','2015-12-17 10:32:11','2015-12-20 22:42:08','Arison Viana Mota','2009.2.120.0261','Bacharelao em Sistemas de Informação','Aluno',NULL,'2015-12-17 10:40:41','2015-12-17 10:32:12',NULL,NULL,NULL,NULL,NULL,NULL,NULL,NULL,0),(24,'ilarinapereira@gmail.com','$2a$10$SCWYqj./XOPcPcbVkfcJJ.mDOfbNMg/ym2Cgh.e4qJT/wesxNXtMe',NULL,NULL,'2015-12-21 18:24:01',2,'2015-12-21 18:24:02','2015-12-17 18:55:40','186.237.54.10','186.237.54.10','2015-12-17 18:54:55','2015-12-21 18:24:02','Ilarina Netto Pereira','2011.2.120.0095','Bacharelao em Sistemas de Informação','Aluno',NULL,'2015-12-17 18:55:35','2015-12-17 18:54:55',NULL,NULL,NULL,NULL,NULL,NULL,NULL,NULL,0),(25,'machado_romulo@hotmail.com','$2a$10$kDQ6QBxRq9DRwzfbCMpmuuzbbZCu2H7VjA2gJji9lcm/HBdgdd5sO',NULL,NULL,NULL,1,'2016-01-21 13:08:39','2016-01-21 13:08:39','177.100.200.99','177.100.200.99','2016-01-21 13:03:13','2016-01-21 13:08:39','Rômulo dos Santos Corrêa Machado','2009.1.120.0021','Bacharelao em Sistemas de Informação','Aluno',NULL,'2016-01-21 13:07:58','2016-01-21 13:03:14',NULL,NULL,NULL,NULL,NULL,NULL,NULL,NULL,0),(26,'allexonrails@live.com','$2a$10$jYVVqGTyPaHvpytci8WAAuY2IoBC5o5Rq48LjwaMhmGs9VjGbqbFS',NULL,NULL,NULL,0,NULL,NULL,NULL,NULL,'2016-03-31 22:00:39','2016-11-23 19:43:48','Alexandre Sampaio','2009.1.120.0129','Bacharelao em Sistemas de Informação','Aluno','96e75d4a692dd757734b84f04086a42698583b3ff8d441a462751012a38f3d1f','2016-11-30 02:00:00','2016-03-31 22:00:40',NULL,NULL,NULL,NULL,NULL,NULL,NULL,NULL,0),(27,'laistellet@gmail.com','$2a$10$r.OXRo30vnqwXIkfe5HsVeNOt.BfaWmWjvkFMKeDbwP2GS59jdiSy',NULL,NULL,NULL,1,'2016-04-26 15:27:46','2016-04-26 15:27:46','164.85.17.102','164.85.17.102','2016-03-31 22:04:15','2016-04-26 15:27:50','Laís Stellet da Silva','2009.1.120.0080','Bacharelao em Sistemas de Informação','Aluno',NULL,'2016-04-26 15:26:41','2016-03-31 22:04:15',NULL,NULL,NULL,NULL,NULL,NULL,NULL,NULL,0),(28,'allexonrails@gmail.com','$2a$10$6GCr5o9.bCDjqYUcIVtyquc3djvVNyBzMs0Y7GeADc5K7lmdop8a.',NULL,NULL,NULL,3,'2016-04-15 12:12:00','2016-04-05 22:13:10','191.248.219.123','200.143.198.43','2016-03-31 22:52:51','2016-04-15 12:12:00','Alexandre Sampaio','2009.1.120.0129','Bacharelao em Sistemas de Informação','Aluno',NULL,'2016-03-31 22:57:14','2016-03-31 22:52:51',NULL,NULL,NULL,NULL,NULL,NULL,NULL,NULL,0),(29,'jainaldosilva@gmail.com','$2a$10$z8zfAaCOnv35gNGntMB9/.Q0OQmUL09x3crGpb3hq4O4Ze05EEHP2',NULL,NULL,NULL,7,'2017-09-21 13:49:50','2017-09-21 12:39:13','164.85.80.101','164.85.19.104','2016-05-17 12:17:07','2017-09-21 13:49:50','Jainaldo da Silva Silva','2012.1.120.0272','Bacharelao em Sistemas de Informação','Aluno',NULL,'2016-05-17 12:21:57','2016-05-17 12:20:23',NULL,NULL,NULL,NULL,NULL,NULL,NULL,NULL,0),(30,'grossmino@hotmail.com','$2a$10$qwk9MrmTwJ5DKGKhzEyLae50w7uHsIsLDzlMN2TDEmWYyt01ErnOm',NULL,NULL,NULL,10,'2018-09-14 22:58:04','2018-09-13 17:40:38','191.249.217.220','191.249.217.220','2016-05-21 19:56:36','2018-09-14 22:58:04','Charles Pereira da Conceição Cabral','2012.1.120.0280','Bacharelao em Sistemas de Informação','Aluno',NULL,'2016-05-21 19:57:17','2016-05-21 19:56:36',NULL,NULL,NULL,NULL,NULL,NULL,NULL,NULL,0),(37,'gustavoos_9@hotmail.com','$2a$10$Ulxn7yh2IsaXUMftkMp0sOG00prJOX/Mp4/LFG1tKAtP5lN8jNvSG',NULL,NULL,NULL,5,'2016-06-29 11:22:06','2016-06-28 13:56:34','164.85.23.108','164.85.24.109','2016-06-22 19:36:49','2016-06-29 11:22:06','Luis Gustavo de Castro Rodrigues','2011.2.120.0281','Bacharelao em Sistemas de Informação','Aluno',NULL,'2016-06-22 19:39:59','2016-06-22 19:36:49',NULL,NULL,NULL,NULL,NULL,NULL,NULL,NULL,0),(31,'clovisrangeljr@gmail.com','$2a$10$fb2Z/DZm8YZ9GlznqHtZp.FulkIxZ.tI5iXSoJ8fPslvsLKKcqXcq','557d7808b3ad4539fd70e03978b524ada64d578828679a080f0bdf71ae865a0e','2016-05-24 12:38:16',NULL,0,NULL,NULL,NULL,NULL,'2016-05-24 10:51:37','2016-05-31 19:02:15','Clovis Rangel ','9999.9.999.9999','Bacharelao em Sistemas de Informação','Aluno','e87d5a955aa4ba7d2221dc6a53377375ff76fa1549f42a6ee578c472d87b8644','2016-05-31 03:00:00','2016-05-24 12:45:44',NULL,NULL,NULL,NULL,NULL,NULL,NULL,NULL,0),(32,'darkeiro@hotmail.com','$2a$10$QMnqHdQZHebJXKLogXLjXuKg7BuLBbIMOP/HODADFgnY/qaKeh97O','HTzYRXcQuHrZEsisrtRj',NULL,NULL,2,'2016-06-01 18:00:29','2016-05-30 19:50:49','200.143.198.43','177.100.87.37','2016-05-24 12:41:36','2016-06-01 18:00:29','CLOVIS RANGEL PONTES JUNIOR','2010.2.120.0328','Bacharelao em Sistemas de Informação','Aluno',NULL,'2016-05-30 19:50:39','2016-05-30 19:49:54',NULL,NULL,NULL,NULL,NULL,NULL,NULL,NULL,0),(33,'adelyr.salles@gmail.com','$2a$10$vpE2LPEDQN5ATui8gLPRne1k2qWkxEs3hwLsKvp5TeX1poDWwBj5C','24873198fb1855ddca8329e48e53a9c3a46260b263d036673cbf3794a72f9e74','2016-05-31 01:57:16',NULL,13,'2016-06-13 22:52:41','2016-06-11 02:36:14','179.182.116.196','179.187.119.159','2016-05-25 23:25:56','2016-06-13 22:52:41','Adely Rangel de Almeida Salles','2012.1.120.0159','Bacharelao em Sistemas de Informação','Aluno','330917a925a5b926565bfffe669b29a2efacc52e16084e14806fe8f8648960bf','2016-05-31 03:00:00','2016-05-31 00:11:34',NULL,NULL,NULL,NULL,NULL,NULL,NULL,NULL,0),(34,'patriciamarinsf@gmail.com','$2a$10$dcoFBoc7kbrjJfktOn9UnuJ2XJTVi6qF4k1fA0sWJJtYyMl8PpggW','5fc2055938e8e6d8fd3e871792e66ba3bc660eae562a51b8df2d980d9b63ba8c','2018-05-15 23:16:09',NULL,4,'2018-07-17 23:02:42','2018-06-29 19:46:12','200.143.198.45','179.163.106.23','2016-05-30 15:25:01','2018-07-17 23:02:42','Patricia Marins Franco','2012.1.120.0213','Bacharelao em Sistemas de Informação','Aluno',NULL,'2016-05-30 15:27:21','2016-05-30 15:25:02',NULL,NULL,NULL,NULL,NULL,NULL,NULL,NULL,0),(35,'ray.kelli@hotmail.com','$2a$10$IMMozLuZZCiA7ta7I1zLgepReV4DSqoAfQec7NlQLvucZejy1PRlm',NULL,NULL,NULL,2,'2016-06-06 12:09:33','2016-06-03 22:02:38','200.20.228.40','187.63.99.210','2016-06-03 21:57:23','2016-06-06 12:09:33','Rayane Kelli dos Reis Ferreira','2012.1.120.0205','Bacharelao em Sistemas de Informação','Aluno',NULL,'2016-06-03 22:02:03','2016-06-03 22:00:58',NULL,NULL,NULL,NULL,NULL,NULL,NULL,NULL,0),(36,'gleisongpm@gmail.com','$2a$10$uuuAhemQfCgdL0nNgZx/fe8LEMNP4Fe8Dm8qq5u09cH7jfp1eNYDa',NULL,NULL,NULL,2,'2016-06-07 00:21:24','2016-06-06 16:13:34','131.100.242.10','186.228.69.130','2016-06-06 16:12:00','2016-06-07 00:21:24','Gleison Pereira de Medeiros','2011.2.120.0133','Bacharelao em Sistemas de Informação','Aluno',NULL,'2016-06-06 16:13:24','2016-06-06 16:12:00',NULL,NULL,NULL,NULL,NULL,NULL,NULL,NULL,0),(38,'maycon7rocha@gmail.com','$2a$10$tOluZ54JwvjxJwclgfCRzeCRxf.5yPzvLHs8nzhDoO0sxgylPZIEu',NULL,NULL,NULL,3,'2017-06-20 13:05:28','2016-12-20 10:25:34','200.143.198.117','200.143.198.43','2016-07-22 12:04:11','2017-06-20 13:05:28','Maycon Ferreira Rocha','2014.2.120.0368','Bacharelao em Sistemas de Informação','Aluno',NULL,'2016-07-25 23:18:06','2016-07-25 23:15:31',NULL,NULL,NULL,NULL,NULL,NULL,NULL,NULL,0),(39,'maickon4developers@gmail.com','$2a$10$xpReX2RDJQrOCr9g.Pcc0u6nogBOQE0BYFr4sWHeOCtpjdf0oPHwm',NULL,NULL,NULL,1,'2016-08-19 23:21:00','2016-08-19 23:21:00','177.207.207.197','177.207.207.197','2016-08-19 23:16:27','2016-08-19 23:21:00','Maickon Jose Rangel','2008.2.120.0014','Bacharelao em Sistemas de Informação','Aluno',NULL,'2016-08-19 23:20:54','2016-08-19 23:18:00',NULL,NULL,NULL,NULL,NULL,NULL,NULL,NULL,0),(40,'laurodelacerda@gmail.com','$2a$10$zY2P8NMYWaVcYx1imxG7VusuGB67.hQzQ10R4vZWYk8EMsVLKd80K',NULL,NULL,NULL,0,NULL,NULL,NULL,NULL,'2016-08-22 23:58:56','2016-11-23 19:44:41','Lauro de Lacerda Caetano','2010.2.121.0050','Bacharelao em Sistemas de Informação','Aluno','eb59caeb0b8bf83160e2be6ee087c1cb11f68bccb9340a9b83d216324c60a069','2016-11-30 02:00:00','2016-08-23 12:56:38',NULL,NULL,NULL,NULL,NULL,NULL,NULL,NULL,0),(41,'cscarneiro7@gmail.com','$2a$10$UfENvdaCy8y4PXrgwdxzD.i579acX3G3YieZrT13QmGKplrFqXsdC','6b960541d056dc1b59c99627ee4480281d00ea32be44d8e988f06c00141d297f','2018-08-05 21:37:16',NULL,5,'2018-08-31 11:31:10','2018-08-30 17:42:03','200.143.198.45','189.1.63.30','2016-08-23 12:18:30','2018-08-31 11:31:26','Gabriel de Almeida Souza Carneiro','2011.1.120.0289','Bacharelao em Sistemas de Informação','Aluno',NULL,'2016-08-29 12:17:39','2016-08-29 12:11:55',NULL,NULL,NULL,NULL,NULL,NULL,NULL,NULL,0),(42,'laurolacerda@outlook.com','$2a$10$EiZr80ZDh9YTQ6HohoHVEeKAnPj5/L7IGTLtfZ525B6zz9xw./YRa',NULL,NULL,NULL,0,NULL,NULL,NULL,NULL,'2016-08-23 13:00:02','2016-11-23 19:44:16','Lauro de Lacerda Caetano','2010.2.120.0050','Bacharelao em Sistemas de Informação','Aluno','15cfaf6c957b44b887d68e99a5148fc923f5ad94326566e8908d1278367e39c8','2016-11-30 02:00:00','2016-08-23 13:00:02',NULL,NULL,NULL,NULL,NULL,NULL,NULL,NULL,0),(43,'lauro_lacerda@outlook.com','$2a$10$ywpM0H4k8YgAuVoWImXBz.ZzMzEKrrtOTAa3.9lXphpK6Fz5kScRu',NULL,NULL,NULL,1,'2016-08-23 13:28:42','2016-08-23 13:28:42','191.34.62.15','191.34.62.15','2016-08-23 13:26:52','2016-08-23 13:28:42','Lauro de Lacerda Caetano','2010.2.120.0050','Bacharelao em Sistemas de Informação','Aluno',NULL,'2016-08-23 13:28:35','2016-08-23 13:26:52',NULL,NULL,NULL,NULL,NULL,NULL,NULL,NULL,0),(44,'celestecbarreto@htomail.com','$2a$10$g6eFaaGNfR06T8ciadA6s.cFEe91wet/hBLPWWj4tY8TcgB2vNHfK','23b9b841be564e0e0a8df3e3d10b5b987ebce8a6a2665e46d01229d0ec812aac','2016-08-23 17:18:51',NULL,0,NULL,NULL,NULL,NULL,'2016-08-23 16:39:38','2016-11-23 19:44:27','Celeste Cristina Barreto da Silva','2011.2.120.0192','Bacharelao em Sistemas de Informação','Aluno','67a95b2f804abb33e7c56b5efcf48f4bffaacc24f3b4b000672972ffd2ffcfb1','2016-11-30 02:00:00','2016-08-23 16:39:38',NULL,NULL,NULL,NULL,NULL,NULL,NULL,NULL,0),(45,'celestecbarreto@hotmail.com','$2a$10$6CfchOOKOTv4W6vff7bvR.qT/zRcij3B4kcbe.UtzYug9/b7wqGXG','05daf53521c8a6814cf7ee19145a145d7bc455632f825267793d8bc4ddbb351d','2018-06-20 18:50:38',NULL,1,'2016-08-23 18:10:41','2016-08-23 18:10:41','200.143.198.43','200.143.198.43','2016-08-23 18:10:12','2018-06-20 18:50:38','Celeste Cristina Barreto da Silva','2011.2.120.0192','Bacharelao em Sistemas de Informação','Aluno',NULL,'2016-08-23 18:10:33','2016-08-23 18:10:12',NULL,NULL,NULL,NULL,NULL,NULL,NULL,NULL,0),(46,'brfsilva@outlook.com','$2a$10$FaSVQA.zy54MzRm0vygZt.N/o.KKnoecLs/Ur4ZH3eIfOT3zxIFlW','4bd1f2924fbd351056fef8ebf68af9ff7d3e0703d70a38cd97e7533f766db91f','2017-10-26 13:48:07',NULL,4,'2017-08-21 23:52:10','2017-08-21 19:41:31','191.32.136.33','191.32.136.33','2016-09-08 22:05:43','2017-10-26 13:48:07','Bruno Feitosa da Silva','2012.1.120.0108','Bacharelao em Sistemas de Informação','Aluno',NULL,'2016-09-08 03:00:00','2016-09-08 22:05:43',NULL,NULL,NULL,NULL,NULL,NULL,NULL,NULL,0),(47,'diogowillforever@gmail.com','$2a$10$Puj4Qws95jhfk56W9TGiK.HHp/MIR0cPCgy/qLWxKLNhCl88yLwm.',NULL,NULL,NULL,1,'2016-09-22 23:29:33','2016-09-22 23:29:33','200.143.198.43','200.143.198.43','2016-09-22 23:13:06','2016-09-22 23:29:33','Diogo William Bastos Pereira','2011.2.120.0303','Bacharelao em Sistemas de Informação','Aluno','23d4bda9e9accd6dc984df2199a346eae5fe183c803f1e919ef8ee7e4a823974','2016-09-22 03:00:00','2016-09-22 23:13:06',NULL,NULL,NULL,NULL,NULL,NULL,NULL,NULL,0),(48,'jdesteffani@gmail.com','$2a$10$XKNQNxKo/AdBfTt84SL5se6uvmGIIF9gUd/wlih/0Rw3mSqFYpoL.',NULL,NULL,NULL,1,'2016-10-03 15:49:00','2016-10-03 15:49:00','179.187.113.176','179.187.113.176','2016-09-22 23:48:20','2016-10-03 15:49:00','João Vitor Desteffani Marcelino','2012.1.120.0256','Bacharelao em Sistemas de Informação','Aluno',NULL,'2016-10-03 15:48:39','2016-10-03 15:47:41',NULL,NULL,NULL,NULL,NULL,NULL,NULL,NULL,0),(49,'jaqueline.pnascimento@gmail.com','$2a$10$vTyHgce4bjLXWu6SPhMkaud59Eh/tS/51pNKBTzKGOqAXWwNnhuze','-EwVs2AEYfvFjJzxd3pX',NULL,NULL,1,'2016-10-03 13:52:59','2016-10-03 13:52:59','186.218.138.72','186.218.138.72','2016-09-22 23:52:41','2016-10-03 13:52:59','Jaqueline Passos do Nascimento','2010.1.120.0260','Bacharelao em Sistemas de Informação','Aluno',NULL,'2016-10-03 13:52:50','2016-10-03 13:52:18',NULL,NULL,NULL,NULL,NULL,NULL,NULL,NULL,0),(50,'ffranzes@gmail.com','$2a$10$Ed.HarSnCvhT1o7dGpYptORn//OYiZcEfvj6oajYzn79gDX/Groe.',NULL,NULL,NULL,5,'2016-10-10 20:17:44','2016-10-04 19:59:48','191.178.41.56','187.105.195.119','2016-10-01 02:29:07','2016-10-10 20:17:44','Felipe Franzes','2012.2.120.0062','Bacharelao em Sistemas de Informação','Aluno',NULL,'2016-10-01 02:33:26','2016-10-01 02:29:07',NULL,NULL,NULL,NULL,NULL,NULL,NULL,NULL,0),(51,'mayaramaciel92@hotmail.com','$2a$10$JrDszWZ1mJWTDUYOBNKts.B.7gMg86Isp9YfYxKaj05qIjs9EApXK',NULL,NULL,NULL,6,'2018-01-30 19:35:48','2017-12-14 17:01:08','191.178.46.228','191.178.46.228','2016-10-02 01:39:07','2018-01-30 19:35:49','Mayara Maciel dos Santos','2012.2.120.0178','Bacharelao em Sistemas de Informação','Aluno',NULL,'2016-10-02 01:39:24','2016-10-02 01:39:08',NULL,NULL,NULL,NULL,NULL,NULL,NULL,NULL,0),(52,'tavares.sts@gmail.com','$2a$10$a/HzVJfNk3muuJ/x1/CykuYAx4wh49skleCYFSHRgk5D..5wMOKma',NULL,NULL,NULL,5,'2017-09-12 15:06:51','2017-08-22 01:28:55','179.227.132.153','131.100.12.3','2016-10-05 22:15:59','2017-09-12 15:06:51','Samara Tavares dos Santos ','2012.2.120.0216','Bacharelao em Sistemas de Informação','Aluno','Z1KuUDRqC7mtAzWyz5pv','2016-10-07 03:00:00','2016-10-05 22:15:59',NULL,NULL,NULL,NULL,NULL,NULL,NULL,NULL,0),(53,'matheussilva770@gmail.com','$2a$10$t.ymhUZY5ifvzGCf8W7HXOMqNGh85/SnOzlScnX0EWWeekp3kMq2a',NULL,NULL,NULL,11,'2016-10-19 15:12:21','2016-10-13 12:03:57','186.212.146.48','179.180.85.24','2016-10-07 13:15:33','2016-10-19 15:12:21','Matheus Henrique ','2012.1.120.0221','Bacharelao em Sistemas de Informação','Aluno','ocm1fsaTpg4JZiX6Azzw','2016-09-07 03:00:00','2016-10-07 13:15:33',NULL,NULL,NULL,NULL,NULL,NULL,NULL,NULL,0),(54,'alonso.saulo@gmail.com','$2a$10$kt5qKbIWqFL3U3CILUgC8efLtmWXUjmNDv6Vdw7l4Fw1KaQqxLZia',NULL,NULL,NULL,1,'2016-10-12 16:58:34','2016-10-12 16:58:34','164.85.20.105','164.85.20.105','2016-10-08 14:00:05','2016-10-12 16:58:34','Saulo Alonso','0000.0.000.0000','Bacharelao em Sistemas de Informação','Aluno','codGiiR3i2-D6scQXjYZ','2016-10-31 02:00:00','2016-10-08 14:00:05',NULL,NULL,NULL,NULL,NULL,NULL,NULL,NULL,0),(55,'arthurazsoares@gmail.com','$2a$10$x6SA65sxpyTSBuifbsoje.ixHUxWd2vOagjyiKdggRrma.vQsYQCi',NULL,NULL,'2016-10-10 20:27:57',2,'2016-10-25 20:36:01','2016-10-10 20:27:57','201.46.237.31','177.100.72.251','2016-10-10 20:14:05','2016-10-25 20:36:01','Arthur Albuquerque Zopellaro Soares','2010.2.120.0042','Bacharelao em Sistemas de Informação','Aluno','P1UVTjjMw9dbD9oWysmc','2016-10-07 03:00:00','2016-10-10 20:14:05',NULL,NULL,NULL,NULL,NULL,NULL,NULL,NULL,0),(56,'nmsorrento@gmail.com','$2a$10$IMXGsWMPqY28YNq3svAp6em7IIcu.aYW0gdQvQifTfwpW0xL7wKIW',NULL,NULL,NULL,6,'2016-10-13 01:37:05','2016-10-13 01:36:31','190.180.176.124','190.180.176.124','2016-10-10 20:20:10','2016-10-13 01:37:05','Nathan Sorrentino','2009.1.120.0161','Bacharelao em Sistemas de Informação','Aluno','5RPX1HGJbtZ176SShWNs','2016-10-10 03:00:00','2016-10-10 20:20:10',NULL,NULL,NULL,NULL,NULL,NULL,NULL,NULL,0),(57,'saulo.alonso85@gmail.com','$2a$10$PXqgHt180HZS.EMqmIw5C.G4LXg3vHE87VJepnqHCGRg8hYBtJJSG',NULL,NULL,NULL,0,NULL,NULL,NULL,NULL,'2016-10-10 21:31:13','2016-11-23 19:44:00','Saulo Alonso de Souza Pereira','2012.1.120.0370','Bacharelao em Sistemas de Informação','Aluno','cyPzyZb-cW2siuxXuDh5','2016-11-30 02:00:00','2016-10-10 21:31:13',NULL,NULL,NULL,NULL,NULL,NULL,NULL,NULL,0),(58,'samilateixeira2013@gmail.com','$2a$10$/VKe1uilhZZijRAWJKEvCe2RtuqAl6fZ7ebJAZmAOfgrKZMLZlngC',NULL,NULL,NULL,2,'2016-10-12 11:57:14','2016-10-12 01:36:16','170.150.252.168','170.150.252.168','2016-10-11 17:08:03','2016-10-12 11:57:14','SAMILA DOS SANTOS FERREIRA TEIXEIRA','2011.2.120.0117','Bacharelao em Sistemas de Informação','Aluno','mevqdng_rx7Mxt3ij4Bo','2016-10-07 03:00:00','2016-10-11 17:08:03',NULL,NULL,NULL,NULL,NULL,NULL,NULL,NULL,0),(59,'alinecosta.si@gmail.com','$2a$10$GR8YAMdxpE/7tPE3otF1kOaooKVgdOtmKW2A/oQBjAEjFAdd0/kFu',NULL,NULL,NULL,2,'2016-10-12 20:45:46','2016-10-11 21:36:06','177.66.93.29','200.143.198.43','2016-10-11 18:22:30','2016-10-12 20:45:46','Aline Costa de Souza','2010.2.120.0190','Bacharelao em Sistemas de Informação','Aluno','Xvsfs4j6bdU-gfUhU_mf','2016-10-07 03:00:00','2016-10-11 18:22:30',NULL,NULL,NULL,NULL,NULL,NULL,NULL,NULL,0),(60,'rachelbmothe@gmail.com','$2a$10$nvtqsukcDexmSmknHgJm8uIcfqkgi62mt7k.0ISY9Ctu6AlHPu85e',NULL,NULL,NULL,4,'2017-10-02 11:56:21','2017-08-23 02:25:57','131.100.240.135','170.150.252.2','2016-11-03 16:28:12','2017-10-02 11:56:21','Rachel Barbosa Mothé','2012.2.120.0330','Bacharelao em Sistemas de Informação','Aluno','Gk3PF2K8KGVzt12wDEGB','2016-11-07 02:00:00','2016-11-03 16:28:12',NULL,NULL,NULL,NULL,NULL,NULL,NULL,NULL,0),(61,'aniellymartins@gmail.com','$2a$10$O8cEdncElXxt1YEz6xW.zuFl6Jh4LQV17PS5VaqTTfRbGDcFlsK92',NULL,NULL,NULL,5,'2016-11-22 11:49:34','2016-11-18 16:26:41','186.215.235.60','186.215.235.60','2016-11-16 10:52:02','2016-11-22 11:49:34','Aniely Martins da Silva','2009.2.120.0164','Bacharelao em Sistemas de Informação','Aluno','4U9q1KKi2BnREnNpzopx','2016-11-15 02:00:00','2016-11-16 10:52:02',NULL,NULL,NULL,NULL,NULL,NULL,NULL,NULL,0),(62,'isabelacampos978@gmail.com','$2a$10$cSfB7b635KFrZKpOSmUNDul83NeITYklM.k05cLAtVAF/bG24NmoK',NULL,NULL,NULL,2,'2016-11-16 19:10:00','2016-11-16 17:47:55','177.43.58.175','177.43.58.175','2016-11-16 17:40:58','2016-11-16 19:10:00','IsabellaCristina Campos dos Santos','2009.1.120.0200','Bacharelao em Sistemas de Informação','Aluno','wdUAbetJXzRorn1fwZ3p','2016-11-13 02:00:00','2016-11-16 17:40:58',NULL,NULL,NULL,NULL,NULL,NULL,NULL,NULL,0),(63,'leonardomaciel.lmf@gmail.com','$2a$10$g2zB4hn6JUCsp4HL.I1YYO722fEJ/jDDakf8mDKDS4zpaUOXNvtMK',NULL,NULL,NULL,1,'2016-11-18 19:35:49','2016-11-18 19:35:49','177.84.46.116','177.84.46.116','2016-11-16 18:30:46','2016-11-18 19:35:49','Leonardo Velasco Santos','2009.2.120.0067','Bacharelao em Sistemas de Informação','Aluno','VxkgW3U32ZNEZvFeS1id','2016-11-15 02:00:00','2016-11-16 18:30:46',NULL,NULL,NULL,NULL,NULL,NULL,NULL,NULL,0),(64,'luizmauropcdias@gmail.com','$2a$10$4k6JmiUL7FlkEIa29GalK.aIjThTWjAPrV/HKWfaYpMCLotVCVzDW',NULL,NULL,NULL,2,'2016-11-18 09:28:17','2016-11-16 19:28:38','191.248.196.254','164.85.23.108','2016-11-16 18:34:43','2016-11-18 09:28:17','Luiz Mauro Piraciaba Cassiano Dias','2009.2.120.0288','Bacharelao em Sistemas de Informação','Aluno','bwsXKRQVenE2DBT2fLtW','2016-11-15 02:00:00','2016-11-16 18:34:43',NULL,NULL,NULL,NULL,NULL,NULL,NULL,NULL,0),(65,'rafaela.marins0@gmail.com','$2a$10$XWc6Lc.aWsWIbV.QNP14suiTjEAUzbl7g.lQAgK3mHFeET5vRwSIq',NULL,NULL,NULL,51,'2019-11-25 14:02:47','2018-10-26 15:53:04','143.137.32.206','168.197.59.160','2016-12-20 00:04:33','2019-11-25 14:02:47','Rafaela Marins de Sousa','2010.2.120.0280','Bacharelao em Sistemas de Informação','Aluno',NULL,NULL,NULL,NULL,NULL,NULL,NULL,NULL,NULL,NULL,NULL,0),(66,'caio__medina@hotmail.com','$2a$10$/8CrEAdSuvpoyDhX76kX/.f/faWnlDhVW67D8AbeJVo4I4bmBWAD.',NULL,NULL,'2017-03-08 21:57:38',2,'2017-03-08 21:57:38','2017-02-21 22:14:06','200.143.198.43','177.41.53.49','2017-02-21 22:14:06','2017-03-08 21:57:38','Caio Fernandes Medina','2012.1.120.0230','Bacharelao em Sistemas de Informação','Aluno',NULL,'2017-03-02 03:00:00',NULL,NULL,NULL,NULL,NULL,NULL,NULL,NULL,NULL,0),(67,'jualba.adm@hotmail.com','$2a$10$9IvTP6PCj3PLtwz2igjwu.7gqUH6aTe/Gbajxb45h1rZz7Nv8GsJi',NULL,NULL,NULL,2,'2017-03-29 00:37:55','2017-03-09 21:44:49','189.25.122.130','200.143.198.43','2017-03-09 21:44:49','2017-03-29 00:37:55','JULIANA BARROSO DE ALMEIDA','2013.1.120.0258','Bacharelao em Sistemas de Informação','Aluno',NULL,NULL,NULL,NULL,NULL,NULL,NULL,NULL,NULL,NULL,NULL,0),(68,'romulo.rmos@hotmail.com','$2a$10$xB.1w12Fh.MkU8k4i5Ur.eEEGKkD1UDCJRqP4Zyolat8mti/XylGW',NULL,NULL,NULL,2,'2017-03-28 14:13:51','2017-03-27 14:58:51','191.223.140.56','179.254.157.168','2017-03-27 14:58:51','2017-03-28 14:13:51','Rômulo Oliveira Sousa','1714.9.698.9899','Bacharelao em Sistemas de Informação','Aluno',NULL,NULL,NULL,NULL,NULL,NULL,NULL,NULL,NULL,NULL,NULL,0),(117,'patrickdasilva.ps@gmail.com','$2a$10$mhGUBGh2EEmUkqRpGCn5He83wL.z6XuaOAx8IXC4vhhUxizlQFHLW',NULL,NULL,NULL,2,'2019-05-02 18:30:07','2018-06-20 00:05:29','177.79.101.182','200.143.198.45','2018-06-20 00:05:29','2019-05-02 18:30:07','Patrick da Conceição da Silva','2013.1.120.0339','Bacharelao em Sistemas de Informação','Aluno',NULL,NULL,NULL,NULL,NULL,NULL,NULL,NULL,NULL,NULL,NULL,0),(70,'mayaranetodesouza@gmail.com','',NULL,NULL,NULL,0,NULL,NULL,NULL,NULL,'2017-05-19 19:41:59','2017-05-19 19:42:25','MAYARA NETO DE SOUZA','2010.2.120.0077','Bacharelao em Sistemas de Informação','Aluno',NULL,'2017-05-19 03:00:00',NULL,NULL,NULL,NULL,NULL,NULL,NULL,NULL,NULL,0),(71,'lais.mayra92@gmail.com','$2a$10$mqlmqM7wCC1ZYQ2FpGyx9OKK3F9xtzuSSOfLp8SVleDSpBnaRMVNO',NULL,NULL,NULL,3,'2018-01-11 15:58:38','2017-06-29 00:50:39','164.85.80.101','191.178.41.39','2017-06-06 17:01:54','2018-01-11 15:58:38','Laís Mayra da Silva Cardoso','2012.2.120.0240','Bacharelao em Sistemas de Informação','Aluno',NULL,NULL,NULL,NULL,NULL,NULL,NULL,NULL,NULL,NULL,NULL,0),(72,'rayane.nunes11@gmail.com','$2a$10$Pp8xZ4uCVue36ASJSXVU5OvaWWI1.YvzLXFVgXaTMkOzTruew1pZ6',NULL,NULL,NULL,2,'2017-06-18 18:40:52','2017-06-13 22:21:40','186.232.227.86','186.232.227.86','2017-06-13 22:21:40','2017-06-18 18:40:52','Rayane de Araujo Nunes','2012.2.120.0275','Bacharelao em Sistemas de Informação','Aluno',NULL,NULL,NULL,NULL,NULL,NULL,NULL,NULL,NULL,NULL,NULL,0),(73,'rafaellav.ti@gmail.com','$2a$10$1d1PV0UyothP7cD6h8CyvOl6vbN3X6qdVieoU3L8Q0PAMSYPxxbAS',NULL,NULL,NULL,1,'2017-06-14 22:43:14','2017-06-14 22:43:14','187.105.204.177','187.105.204.177','2017-06-14 22:43:14','2017-06-14 22:43:14','Rafaella Vasconcelos Silva de Araújo Nogueira','2013.2.120.0250','Bacharelao em Sistemas de Informação','Aluno',NULL,NULL,NULL,NULL,NULL,NULL,NULL,NULL,NULL,NULL,NULL,0),(74,'tlnloopes@gmail.com','$2a$10$uSFLQyunvGsSWrmA6PFYTOuIVWdE0868zwFfUv21A7UZ8A7lBeYce',NULL,NULL,NULL,2,'2017-07-27 19:39:43','2017-06-27 17:30:17','177.43.177.50','186.237.48.154','2017-06-27 17:30:17','2017-07-27 19:39:44','Thaís Lopes Nunes','2013.2.120.0013','Bacharelao em Sistemas de Informação','Aluno',NULL,NULL,NULL,NULL,NULL,NULL,NULL,NULL,NULL,NULL,NULL,0),(75,'marianaovieira1@gmail.com','$2a$10$Mk.82KhSKOro6UNHW51TIulVDayRzevxBdPgUXDRHEt1XXERF.AoK',NULL,NULL,NULL,2,'2018-04-17 17:22:38','2017-06-27 18:34:55','186.237.48.154','190.180.170.242','2017-06-27 18:34:55','2018-04-17 17:22:38','Mariana Vieira','2016.1.120.0229','Bacharelao em Sistemas de Informação','Aluno',NULL,NULL,NULL,NULL,NULL,NULL,NULL,NULL,NULL,NULL,NULL,0),(76,'isaaclfp@gmail.com','$2a$10$WqwI2wi5TSuiOKP2gzZC/O.O9dTHOSJuYTbzfrcaX7TBCMcWX8956',NULL,NULL,NULL,2,'2017-08-08 22:38:23','2017-06-27 19:25:29','186.237.55.50','177.66.95.156','2017-06-27 19:25:28','2017-08-08 22:38:23','Isaac Larrubia Ferreira Pontes ','2013.1.120.0185','Bacharelao em Sistemas de Informação','Aluno',NULL,NULL,NULL,NULL,NULL,NULL,NULL,NULL,NULL,NULL,NULL,0),(77,'davibschilling@gmail.com','$2a$10$QUtfDtwSmnHoomdo82P1seQiqmIPSam2odbQAMZwxVawmOXlQIK7O',NULL,NULL,'2017-06-27 20:46:17',8,'2019-02-19 21:32:09','2018-08-16 14:10:12','179.181.251.149','191.249.216.95','2017-06-27 19:49:25','2019-02-19 21:32:09','Davi Batista schilling','2014.1.120.0322','Bacharelao em Sistemas de Informação','Aluno',NULL,NULL,NULL,NULL,NULL,NULL,NULL,NULL,NULL,NULL,NULL,0),(78,'valter.f.filho@iff.edu.br','$2a$10$sAHG45ZHweKFqtCT9Fv8r.QJJpxstUrcMDCqNSIm0Xj2kxmaDRBHm',NULL,NULL,NULL,1,'2017-06-27 19:51:31','2017-06-27 19:51:31','200.143.198.117','200.143.198.117','2017-06-27 19:51:31','2017-06-27 19:51:31','Valter Fernandes Filho','2016.2.120.0329','Bacharelao em Sistemas de Informação','Aluno',NULL,NULL,NULL,NULL,NULL,NULL,NULL,NULL,NULL,NULL,NULL,0),(79,'luiz.leitier@gmail.com','$2a$10$qRT9ZMpviJILcWRE5clq7.DwtrpZdepg3YjIh/srczMOT53WdlxRq',NULL,NULL,'2018-08-29 11:46:33',3,'2018-08-29 11:47:46','2018-08-29 11:46:33','189.40.65.19','164.85.22.107','2017-06-27 19:56:09','2018-08-29 11:47:46','Luiz Fellipe Saidler Leitier','2013.2.120.0188','Bacharelao em Sistemas de Informação','Aluno',NULL,NULL,NULL,NULL,NULL,NULL,NULL,NULL,NULL,NULL,NULL,0),(80,'diegoliveiras@live.com','$2a$10$N3OGenAT381R94bB5z141uWMfEuDGVqO7YQ3FgAc0vqSpZFxwfY4y','4a42ee5b012ffc8e0e2ce9d8c4d466c0047893e4c1b75df00c8f27b6a70b36c7','2019-08-01 11:09:08','2019-08-21 11:27:58',8,'2019-08-26 14:20:31','2019-08-26 13:54:01','191.178.42.71','191.178.42.71','2017-06-27 20:29:29','2019-08-26 14:20:31','DIEGO OLIVEIRA DA SILVA','2014.1.120.0136','Bacharelao em Sistemas de Informação','Aluno',NULL,NULL,NULL,NULL,NULL,NULL,NULL,NULL,NULL,NULL,NULL,0),(81,'pedropaf7@gmail.com','$2a$10$33js/txpG7BYraNknnwL2OnJHezCpSEyIRn0cDfchtgTml6yuFcg6',NULL,NULL,NULL,9,'2019-11-30 19:07:52','2019-11-30 18:42:40','190.180.172.209','190.180.172.209','2017-06-27 20:42:45','2019-11-30 19:08:48','Pedro Paulo Alves Ferreira','2017.1.120.0328','Bacharelao em Sistemas de Informação','Aluno',NULL,NULL,NULL,NULL,NULL,NULL,NULL,NULL,NULL,NULL,NULL,0),(82,'correasanderson@gmail.com','$2a$10$uB7vqYmYfkClbLaU.Pqvt.zEdD.KV0mKpshOD08tA7rWZAmxxhOe.','7be04980e17e97eefb1faf1fbba506c3f1afa865c239bd8a2a15141137b62ffd','2018-03-25 17:51:24',NULL,3,'2018-03-28 14:52:03','2018-03-25 18:18:15','191.178.58.226','187.63.98.194','2017-06-27 20:52:12','2018-03-28 14:52:03','Sanderson Silva Corrêa','2013.1.120.0150','Bacharelao em Sistemas de Informação','Aluno',NULL,NULL,NULL,NULL,NULL,NULL,NULL,NULL,NULL,NULL,NULL,0),(83,'leonardo.fc2@outlook.com','$2a$10$WWUor38x0ie1F5DVqbcky.iNrS.lUcOueUvaBWAQ6MktxHMH0PWCa','e562fea9d95beaeb26c3079746266cfdf408d1a451f74968caea26280c696f11','2019-08-10 21:48:16','2019-08-10 21:53:09',4,'2019-08-10 21:53:09','2017-09-27 02:04:47','179.176.39.223','189.106.106.119','2017-06-27 21:16:07','2019-08-10 21:53:09','Leonardo Fernandes Costa ','','Bacharelao em Sistemas de Informação','Aluno',NULL,NULL,NULL,NULL,NULL,NULL,NULL,NULL,NULL,NULL,NULL,0),(118,'dangalaxe@gmail.com','$2a$10$PFca9hxlPgYn2Ni0rQDwZuMEPNnU1DUJ2Q5TH93gksN3UdGmIbT.2',NULL,NULL,NULL,4,'2019-05-02 10:25:28','2019-04-30 18:53:04','131.100.242.248','177.19.154.207','2018-06-20 00:06:56','2019-05-02 10:25:28','Damiana Galache de Freitas','2013.1.120.0304','Bacharelao em Sistemas de Informação','Aluno',NULL,NULL,NULL,NULL,NULL,NULL,NULL,NULL,NULL,NULL,NULL,0),(85,'siqueira.icaro@gmail.com','$2a$10$S4e/EmuPnMCoTuACoRx2jeOS/hSlMBfJiqYSeYZAeootvRw/qGInW',NULL,NULL,NULL,3,'2017-09-20 00:21:59','2017-09-14 00:11:02','177.41.41.214','177.40.254.121','2017-08-08 23:43:26','2017-09-20 00:21:59','ICARO ANG SIQUEIRA CAMPOS DE SOUZA','2013.2.120.0056','Bacharelao em Sistemas de Informação','Aluno',NULL,NULL,NULL,NULL,NULL,NULL,NULL,NULL,NULL,NULL,NULL,0),(86,'nichollasmarvila@gmail.com','$2a$10$5l1Pnlo1HcnPvSz1cmm12ufqeNkHC/S.8ejmxgNR/4nzdI6KYAO6y',NULL,NULL,NULL,1,'2017-08-08 23:43:50','2017-08-08 23:43:50','200.143.198.117','200.143.198.117','2017-08-08 23:43:50','2017-08-08 23:43:50','Nichollas Nunes Marvila','2013.2.120.0021','Bacharelao em Sistemas de Informação','Aluno',NULL,NULL,NULL,NULL,NULL,NULL,NULL,NULL,NULL,NULL,NULL,0),(87,'luansolino@gmail.com','$2a$10$iEF9Uj2UiC3fkYXCrkGTduQANmI5Qd/.hIiwFhqXSzBacSKnpC9fu',NULL,NULL,NULL,3,'2018-04-12 22:09:17','2017-10-25 19:47:47','189.25.122.193','200.143.198.34','2017-08-29 03:09:49','2018-04-12 22:09:17','Luan Soliño de Abreu Faria','2017.1.120.0220','Bacharelao em Sistemas de Informação','Aluno',NULL,NULL,NULL,NULL,NULL,NULL,NULL,NULL,NULL,NULL,NULL,0),(88,'sadcamilo@gmail.com','$2a$10$WIwgflWo12Pfoq2Ufp7t7ej6R0adOyv4elkWlMmNZ.XGhST4Xg.mW',NULL,NULL,NULL,1,'2017-09-01 14:40:34','2017-09-01 14:40:34','179.187.121.19','179.187.121.19','2017-09-01 14:40:34','2017-09-04 18:08:46','Camilo Mellen Sad Neto','2013.1.120.0240','Bacharelao em Sistemas de Informação','Aluno',NULL,'2017-09-01 03:00:00',NULL,NULL,NULL,NULL,NULL,NULL,NULL,NULL,NULL,0),(89,'giancarloiff@gmail.com','$2a$10$IPpSHc.yKVrW9x.dFAmWC.1p2e3kvEydepJQcAI/mil/tX2eHXUOq',NULL,NULL,NULL,2,'2017-09-12 03:30:05','2017-09-07 16:41:01','189.25.37.0','189.25.47.235','2017-09-07 16:41:01','2017-09-12 03:30:05','Giancarlo da Silva Rocha','2017.1.120.0107','Bacharelao em Sistemas de Informação','Aluno',NULL,NULL,NULL,NULL,NULL,NULL,NULL,NULL,NULL,NULL,NULL,0),(90,'dan-galaxe@hotmail.com','$2a$10$iwUZAKvQnfsiyLu/if0.kuEBywWD3lWqdqRHOD6Hqp7LEDyi1o.SS','c23f2be8d2b7a0a0beb54fc8947f532fbe3a9fae97025304ca379477478702cf','2018-06-20 00:05:43',NULL,1,'2017-09-11 23:07:53','2017-09-11 23:07:53','177.19.154.207','177.19.154.207','2017-09-11 23:07:53','2018-06-20 00:05:43','Damiana Galache de Freitas','2013.1.120.0304','Bacharelao em Sistemas de Informação','Aluno',NULL,NULL,NULL,NULL,NULL,NULL,NULL,NULL,NULL,NULL,NULL,0),(91,'rayssa.rbugine@gmail.com','$2a$10$cQTcZbczR6ai/d.6NUZWGe58xpJbhsujAvH1LOa9CaVtzQJGudz7C',NULL,NULL,NULL,2,'2017-09-26 19:29:38','2017-09-19 23:33:01','191.249.211.177','200.143.198.117','2017-09-19 23:33:01','2017-09-26 19:29:38','RAYSSA REIS BUGINE','2010.2.120.0034','Bacharelao em Sistemas de Informação','Aluno',NULL,NULL,NULL,NULL,NULL,NULL,NULL,NULL,NULL,NULL,NULL,0),(92,'davispc100@gmail.com','$2a$10$p02qOYVSgfgagZzeLcqCge2qDZO8CfS2cXH7W9zJhWIyyFAzmzJfu','3a7ec01a8e49b2921d58b548a396f3799e8afa220db03a00c7d83ea2063556eb','2019-03-23 02:00:13',NULL,1,'2017-09-28 01:09:15','2017-09-28 01:09:15','189.81.203.237','189.81.203.237','2017-09-28 01:09:15','2019-03-23 02:00:13','David da Silva Azeredo','2014.2.120.0309','Bacharelao em Sistemas de Informação','Aluno',NULL,NULL,NULL,NULL,NULL,NULL,NULL,NULL,NULL,NULL,NULL,0),(93,'tarsilamanhaes@gmail.com','$2a$10$nSh2XMpqmzHbD9Yj9xuqau2culXfJ/1yG9kpD/pjFwpy6c41Vzli6','e014e6493b18a3590b0a9c3e73d40c7ad2ad94d9389bd16c9acc5eb963842b04','2017-10-22 18:01:00',NULL,9,'2019-05-16 14:52:15','2019-04-24 21:55:13','191.34.53.230','187.115.247.85','2017-10-18 14:17:26','2019-05-16 14:52:15','Társila Manhães Braga','____._.___.____','Bacharelao em Sistemas de Informação','Aluno',NULL,NULL,NULL,NULL,NULL,NULL,NULL,NULL,NULL,NULL,NULL,0),(94,'kamiladiogo@hotmail.com','$2a$10$iYznTHbQwM9q95ss3FmJ2O7q.YhQc3T8V.ZeWp4gqOjI7HT7ijlFW','919ac3989531b8537cd7e9654c28a4877c9fdba7ad7cc3883a8f193bc4891eba','2018-08-26 00:44:04',NULL,11,'2018-08-15 00:17:11','2018-07-03 16:49:22','200.143.198.45','177.79.17.148','2017-10-23 22:31:32','2018-08-26 00:44:04','KAMILA DIOGO GOMES BRANDAO','____._.___.____','Bacharelao em Sistemas de Informação','Aluno',NULL,NULL,NULL,NULL,NULL,NULL,NULL,NULL,NULL,NULL,NULL,0),(95,'carolsilferr@hotmail.com','$2a$10$Cl.rly54ZJa53581TG6FRuTVrvg2ySusKeQF6F9KxiIANYKAD9zDy',NULL,NULL,NULL,1,'2017-11-29 22:03:35','2017-11-29 22:03:35','179.175.171.146','179.175.171.146','2017-11-29 22:03:35','2017-11-29 22:03:35','Caroline','2017.1.120.0301','Bacharelao em Sistemas de Informação','Aluno',NULL,NULL,NULL,NULL,NULL,NULL,NULL,NULL,NULL,NULL,NULL,0),(96,'lucasmisidoro@gmail.com','$2a$10$ZBVJh9Ut0NUP90T6C1qQ.OYGDzFoR/oCBS0a9/jEl3eVUwPe2LMaW',NULL,NULL,NULL,1,'2017-11-29 23:06:06','2017-11-29 23:06:06','177.129.154.242','177.129.154.242','2017-11-29 23:06:06','2017-11-29 23:06:06','Lucas de Macedo Isidoro','____._.___.____','Bacharelao em Sistemas de Informação','Aluno',NULL,NULL,NULL,NULL,NULL,NULL,NULL,NULL,NULL,NULL,NULL,0),(97,'leandrovicente.info@gmail.com','$2a$10$RriX6JVqVTEf5Mmefum.Delugw0i.3IBM1VTLuhQFO7U/46r.I0fW','fa5798e99ecd2cd0c6e267dd131b671d7f2b24ef2eb27863f1287ccfbedc9532','2018-03-18 02:19:42',NULL,3,'2018-03-19 16:36:31','2018-03-18 02:20:04','189.1.63.3','189.1.63.3','2017-11-30 00:52:25','2018-03-19 16:36:31','Leandro Vicente Silva','2013.1.120.0193','Bacharelao em Sistemas de Informação','Aluno',NULL,NULL,NULL,NULL,NULL,NULL,NULL,NULL,NULL,NULL,NULL,0),(98,'danidlx2@gmail.com','$2a$10$W6zViwvXlELfszt2pJtMLuMud1Ws0zhPI7M.ma1paqvCzOysZq6s.',NULL,NULL,NULL,2,'2018-03-04 11:20:36','2018-03-03 17:55:24','177.11.120.32','177.205.237.183','2018-03-03 17:55:24','2018-03-04 11:20:36','Daniel Lemos de Almeida Nascimento','2009.1.120.0188','Bacharelao em Sistemas de Informação','Aluno',NULL,NULL,NULL,NULL,NULL,NULL,NULL,NULL,NULL,NULL,NULL,0),(99,'heloinacp@gmail.com','$2a$10$6As4CQxAMrwMmcl1C6qIJeXp98PdIxUAaKJbETeA636sP7HtVDM16',NULL,NULL,NULL,4,'2018-08-27 14:18:55','2018-08-01 16:10:14','200.143.198.45','200.143.198.45','2018-03-20 18:48:49','2018-08-27 14:18:55','Heloina Cruz Pereira','2013.1.120.0223','Bacharelao em Sistemas de Informação','Aluno',NULL,NULL,NULL,NULL,NULL,NULL,NULL,NULL,NULL,NULL,NULL,0),(100,'mateus_freitas108@hotmail.com','$2a$10$RB2siFzSbg8HtnRpWQ.FiO.1sZ5ap0oFmKtZvg4peeaIX4v7gbSRu',NULL,NULL,'2018-08-25 20:36:08',2,'2018-08-25 20:36:08','2018-03-20 20:28:34','177.205.231.122','107.167.112.218','2018-03-20 20:28:34','2018-08-25 20:36:08','Mateus da Silva Freitas ','2017.2.120.0215','Bacharelao em Sistemas de Informação','Aluno',NULL,NULL,NULL,NULL,NULL,NULL,NULL,NULL,NULL,NULL,NULL,0),(101,'jehqueiroz01@gmail.com','$2a$10$FigQn74avlniSRogyKbZaOWP1uf49PV7h7LTz09IHUrjnAqmYlVDm',NULL,NULL,'2018-06-29 18:56:17',6,'2018-08-31 14:54:42','2018-08-07 23:33:14','186.237.55.80','200.143.198.45','2018-03-21 18:59:40','2018-08-31 14:54:42','Jéssica da Silva Queiroz','2014.1.120.0179','Bacharelao em Sistemas de Informação','Aluno',NULL,NULL,NULL,NULL,NULL,NULL,NULL,NULL,NULL,NULL,NULL,0),(102,'sandy.diamantino@gmail.com','$2a$10$a8oKs7Bgx7l9fLmks7im/OxjD/iXpJDCtvCRWxe7qhcJWBSG47ak6',NULL,NULL,NULL,2,'2018-03-26 17:05:13','2018-03-21 22:52:43','179.187.224.167','191.32.130.255','2018-03-21 22:52:43','2018-03-26 17:05:13','Sandy Maciel Diamantino de Sá','2014.1.120.0020','Bacharelao em Sistemas de Informação','Aluno',NULL,NULL,NULL,NULL,NULL,NULL,NULL,NULL,NULL,NULL,NULL,0),(103,'odanilomoreira@gmail.com','$2a$10$XaQcn1FiYkCeKImd4pWAJe2I5EIfhSXaerlNdtcp9PQkZfRteB6.u',NULL,NULL,NULL,2,'2019-02-16 14:14:58','2018-03-22 20:03:35','187.63.98.162','187.63.98.154','2018-03-22 20:03:35','2019-02-16 14:14:58','Danilo Moreira dos Santos','2014.1.120.0144','Bacharelao em Sistemas de Informação','Aluno',NULL,NULL,NULL,NULL,NULL,NULL,NULL,NULL,NULL,NULL,NULL,0),(104,'ocarlosnet@gmail.com','$2a$10$pJsZ5xK6pI8UwOq0tBf2teOYPNGdRctno2wKOUqclIHjuZ95GPpnG',NULL,NULL,'2018-05-12 01:40:37',8,'2019-03-13 14:17:52','2018-06-10 00:07:19','200.223.116.45','189.1.63.6','2018-04-02 22:33:55','2019-03-13 14:17:52','Carlos Antonio Ribeiro Rodrigues Filho','2014.1.120.0233','Bacharelao em Sistemas de Informação','Aluno',NULL,NULL,NULL,NULL,NULL,NULL,NULL,NULL,NULL,NULL,NULL,0),(105,'beatriz.hviana@gmail.com','$2a$10$OUPcA7m63WtwMpf3idUHju1pXFwikapAqt8JdxpHLSnIHaZv8i4PS',NULL,NULL,NULL,5,'2018-06-24 21:46:13','2018-05-23 03:20:59','189.1.63.5','189.1.63.32','2018-04-02 22:52:19','2018-06-24 21:46:13','Beatriz Henrique Viana','2014.2.120.0201','Bacharelao em Sistemas de Informação','Aluno',NULL,NULL,NULL,NULL,NULL,NULL,NULL,NULL,NULL,NULL,NULL,0),(106,'fonseca.gleicy@gmail.com','$2a$10$WoAUfRYRaICKHNGBYMhbEuKyLmO04FW6wCfgZmfS1Kig.1cuAMaZ2',NULL,NULL,NULL,2,'2018-05-03 23:48:25','2018-05-03 23:27:36','190.180.191.127','190.180.191.127','2018-05-03 23:27:36','2018-05-04 00:07:15','Gleicy Fonseca Custódio','','Bacharelao em Sistemas de Informação','Aluno',NULL,NULL,NULL,NULL,NULL,NULL,NULL,NULL,NULL,NULL,NULL,0),(107,'zedanilo161@gmail.com','$2a$10$n39yEEYORAizg/9WaqF5xejIIwRNZf0idnJrYOYhI84L/6euipZU2',NULL,NULL,'2018-05-11 18:46:18',8,'2018-11-01 11:16:04','2018-08-26 03:37:39','200.222.86.60','189.24.98.247','2018-05-09 12:05:52','2018-11-01 11:16:04','Jose Danilo Alves de Azevedo','2012.2.120.0160','Bacharelao em Sistemas de Informação','Aluno',NULL,NULL,NULL,NULL,NULL,NULL,NULL,NULL,NULL,NULL,NULL,0),(108,'higorbhermes@gmail.com','$2a$10$v3OJntVtWKYgatdmjq2AeeA.MV.IcI9Ml4qxrFnxBGL.QNwfDIoJe',NULL,NULL,'2018-08-21 15:49:39',44,'2019-09-30 17:18:09','2019-09-04 23:22:23','168.232.246.42','191.26.138.14','2018-05-09 12:48:35','2019-09-30 17:18:09','Higor Barboza Hermes','2015.1.120.0197','Bacharelao em Sistemas de Informação','Aluno',NULL,NULL,NULL,NULL,NULL,NULL,NULL,NULL,NULL,NULL,NULL,0),(109,'marcosribeirosf@gmail.com','$2a$10$jnKwAR/sHryjkbqPMRI/8uMQgJfGu/Q7zQay8DdKdadXze428OsAe',NULL,NULL,'2019-08-28 14:56:07',6,'2019-09-06 00:03:05','2019-08-29 13:33:26','168.195.35.97','177.25.180.16','2018-05-09 12:58:45','2019-09-06 00:03:05','Marcos Vinicius Aguiar Ribeiro ','____._.___.____','Bacharelao em Sistemas de Informação','Aluno',NULL,NULL,NULL,NULL,NULL,NULL,NULL,NULL,NULL,NULL,NULL,0),(114,'gustavo.escocard@gmail.com','$2a$10$6L2Y4ZDriVqpxg/6cWYa1Ot6j6ZR.QQIUkx5jpbvjOjnBk2xNmZ4.',NULL,NULL,NULL,4,'2019-04-27 01:26:56','2018-09-10 13:16:07','187.105.242.94','187.115.255.212','2018-05-26 02:48:50','2019-04-27 01:26:56','Gustavo Freitas Escocard','2013.2.120.0315','Bacharelao em Sistemas de Informação','Aluno',NULL,NULL,NULL,NULL,NULL,NULL,NULL,NULL,NULL,NULL,NULL,0),(110,'karine.silalmeida@gmail.com','$2a$10$/yLLL1JajhX9C6SXJaKtSuKSbeuLsX6XpbPJzHdO0ANI7xcOd7W7.','ff5b9da2bd688e3f9b7a8ea4b93b6eec281e572918bd6da13809d0cbb50fed30','2019-04-26 23:16:54',NULL,1,'2018-05-15 23:15:19','2018-05-15 23:15:19','200.143.198.45','200.143.198.45','2018-05-15 23:15:19','2019-04-26 23:16:54','karine silva de almeida','2013.2.120.0323','Bacharelao em Sistemas de Informação','Aluno',NULL,NULL,NULL,NULL,NULL,NULL,NULL,NULL,NULL,NULL,NULL,0),(115,'aristides1212@gmail.com','$2a$10$HwTNfArZ75Robbe4GfYJ8eoHM0yKTVVpQ.dG05ADcsMFFLfBiJbJ6',NULL,NULL,NULL,5,'2019-02-20 23:30:11','2018-10-30 22:25:03','200.143.198.45','200.143.198.45','2018-06-07 19:15:14','2019-02-20 23:30:11','Edson Aristides Estane Moreira','2014.2.120.0155','Bacharelao em Sistemas de Informação','Aluno',NULL,NULL,NULL,NULL,NULL,NULL,NULL,NULL,NULL,NULL,NULL,0),(116,'nicolasf.s1998@gmail.com','$2a$10$0oMWD/py3NMr/W0BZSjED.Lg4QxFQqfsyQ/7A5Yil/xUZiVCZgq6u',NULL,NULL,NULL,2,'2018-06-14 21:08:58','2018-06-13 17:34:13','200.143.198.45','186.192.60.51','2018-06-13 17:34:13','2018-06-14 21:08:58','Nícolas Ferreira','2017.2.120.0240','Bacharelao em Sistemas de Informação','Aluno',NULL,NULL,NULL,NULL,NULL,NULL,NULL,NULL,NULL,NULL,NULL,0),(111,'lucas.freitas.dev@gmail.com','$2a$10$sDBGR/m979ikEXRK6Isj2eN93Ic0OyPx6kz2m2ZSOJ7hdygP8/j92',NULL,NULL,'2018-08-26 20:07:59',3,'2018-08-26 20:07:59','2018-08-21 01:18:41','131.100.105.6','131.100.105.6','2018-05-22 22:44:15','2018-08-26 20:07:59','Lucas de Souza Freitas','2014.1.120.0373','Bacharelao em Sistemas de Informação','Aluno',NULL,NULL,NULL,NULL,NULL,NULL,NULL,NULL,NULL,NULL,NULL,0),(112,'bsquintan@gmail.com','$2a$10$S9X/poto22F30v/1yXL10.POsnuXR/MdseUeBnF60A5s75pQAHwda',NULL,NULL,NULL,5,'2018-06-16 19:37:58','2018-06-11 13:28:47','179.170.76.148','186.237.51.31','2018-05-23 13:08:59','2018-06-16 19:37:58','Bianca Sóta Quintãn','2014.2.120.0210','Bacharelao em Sistemas de Informação','Aluno',NULL,NULL,NULL,NULL,NULL,NULL,NULL,NULL,NULL,NULL,NULL,0),(113,'matheuscruzsouza@gmail.com','$2a$10$/LeY4iJr99CBi/ah7fdF/.M9b4K4rJGUP.DK9qnO2owfcZ2/W3you',NULL,NULL,'2018-05-24 00:15:35',7,'2018-08-26 00:59:02','2018-05-28 09:58:56','177.47.133.130','177.47.133.130','2018-05-23 16:50:53','2018-08-26 00:59:02','Matheus Cruz de Souza','____._.___.____','Bacharelao em Sistemas de Informação','Aluno',NULL,NULL,NULL,NULL,NULL,NULL,NULL,NULL,NULL,NULL,NULL,0),(119,'celestecbsilva@gmail.com','$2a$10$dZFQ.2FjGwz.C2dZ60jPbumcaygoAQQLpcpcrlV7qOOPTRrao2gtm','7c7e48c89630c4ec7bc2649156bce08ed29a510fbdf473053a6c480c69dab577','2018-06-25 12:35:00',NULL,6,'2018-06-25 19:23:36','2018-06-25 19:22:51','200.143.198.45','200.143.198.45','2018-06-20 18:52:14','2018-06-25 19:23:36','Celeste Cristina Barreto da SIlva','2011.2.120.0192','Bacharelao em Sistemas de Informação','Aluno',NULL,NULL,NULL,NULL,NULL,NULL,NULL,NULL,NULL,NULL,NULL,0),(120,'andreasanches71@gmail.com','$2a$10$BVPWQmdNBhYFlyyvZ6XaUeOXDedLsF0EJYFoppldnNz9CVdtwRRU2',NULL,NULL,NULL,1,'2018-06-20 20:41:17','2018-06-20 20:41:17','200.143.198.45','200.143.198.45','2018-06-20 20:41:17','2018-06-20 20:41:17','Andréa Sanches do Nascimento','2013.1.120.0355','Bacharelao em Sistemas de Informação','Aluno',NULL,NULL,NULL,NULL,NULL,NULL,NULL,NULL,NULL,NULL,NULL,0),(121,'rajoca3000@yahoo.com.br','$2a$10$kletDYOMfmOdRRhvnSudkeR5AusQdS58CXBSpe.m7L2jAQRbZsZ1K',NULL,NULL,'2018-06-24 03:02:56',5,'2019-05-02 01:52:50','2019-03-30 02:32:02','186.212.151.161','177.98.79.76','2018-06-24 02:53:54','2019-05-02 01:52:50','Rafael Rocha Santa Rita','2012.1.120.0302','Bacharelao em Sistemas de Informação','Aluno',NULL,NULL,NULL,NULL,NULL,NULL,NULL,NULL,NULL,NULL,NULL,0),(122,'alineofreitas@outlook.com','$2a$10$afVv/hhgLNllzWGxWL0kQ.Tw1LDjQScC5tU3aszI5Tn.q5Vy1AEMe',NULL,NULL,NULL,1,'2018-06-25 19:50:06','2018-06-25 19:50:06','191.178.49.244','191.178.49.244','2018-06-25 19:50:06','2018-06-25 19:50:06','Aline de Oliveira Freitas','2008.2.120.0065','Bacharelao em Sistemas de Informação','Aluno',NULL,NULL,NULL,NULL,NULL,NULL,NULL,NULL,NULL,NULL,NULL,0),(123,'andrecamposdecarvalho@gmail.com','$2a$10$5Ty6TSX3EpCnaRQhUWRr0.ytWUNFQzuVm.3tChEww3fzCeTNY0Llq',NULL,NULL,NULL,1,'2018-07-13 20:56:11','2018-07-13 20:56:11','200.143.198.45','200.143.198.45','2018-07-13 20:56:11','2018-07-13 20:56:11','André Campos de Carvalho','2009.1.120.0013','Bacharelao em Sistemas de Informação','Aluno',NULL,NULL,NULL,NULL,NULL,NULL,NULL,NULL,NULL,NULL,NULL,0),(124,'daniel.1993marcos@gmail.com','$2a$10$0bXaEhZdOhpMloXDtlbmk.TS9w/z5ZHeYElRv/XUuevFi.6y9ZZ4W','a4380a743128a77296939279abcf3fb245c455492110dffdc6e508bafa7623d0','2018-08-09 01:38:11',NULL,3,'2018-08-14 18:26:14','2018-08-09 01:39:36','164.85.22.107','168.232.245.216','2018-07-30 14:41:06','2018-08-14 18:26:14','Daniel Marcos Alves Ribeiro','2013.1.120.0169','Bacharelao em Sistemas de Informação','Aluno',NULL,NULL,NULL,NULL,NULL,NULL,NULL,NULL,NULL,NULL,NULL,0),(125,'brunapaes07@gmail.com','$2a$10$UFz5o2pV2M0BNruvwFp6x.SPr918qLgFU9ebvwjd6c9EEv/GfDYqq',NULL,NULL,NULL,4,'2018-10-14 11:17:36','2018-08-14 19:46:39','187.105.195.155','164.85.16.101','2018-08-02 22:23:23','2018-10-14 11:17:36','Bruna Paes','2013.1.120.0118','Bacharelao em Sistemas de Informação','Aluno',NULL,NULL,NULL,NULL,NULL,NULL,NULL,NULL,NULL,NULL,NULL,0),(126,'thaism.lopes1204@gmail.com','$2a$10$LKc6HHEMI8X2cJvqCKbuVeP4RbyOcm94RElevK1ImAoaL09AHi.ou',NULL,NULL,NULL,1,'2018-08-07 16:45:16','2018-08-07 16:45:16','191.32.249.191','191.32.249.191','2018-08-07 16:45:16','2018-08-07 16:45:16','THAIS MOREIRA LOPES','2011.2.120.0354','Bacharelao em Sistemas de Informação','Aluno',NULL,NULL,NULL,NULL,NULL,NULL,NULL,NULL,NULL,NULL,NULL,0),(127,'contatopatrickbar@gmail.com','$2a$10$i4V6kZdQA6qbeUbY77xVx.fL1NFTGHTXVdReXU/3TKE2qYmHFRgNW',NULL,NULL,NULL,2,'2018-08-29 13:12:49','2018-08-27 18:53:54','179.184.213.150','179.184.213.150','2018-08-27 18:53:54','2018-08-29 13:12:49','Patrick Souza Barbosa','2013.2.120.0110','Bacharelao em Sistemas de Informação','Aluno',NULL,NULL,NULL,NULL,NULL,NULL,NULL,NULL,NULL,NULL,NULL,0),(128,'roberta.a.rangel.g@gmail.com','$2a$10$XN03tsYKlqQDtyukDVoMj.cQRVt4dq/8yamGtlV/j7FNPotrGo.9C',NULL,NULL,NULL,2,'2019-03-21 16:00:54','2018-08-28 12:37:49','45.226.110.206','179.184.213.150','2018-08-28 12:37:49','2019-03-21 16:00:54','Roberta Almeida Rangel Gomes','2013.2.120.0269','Bacharelao em Sistemas de Informação','Aluno',NULL,NULL,NULL,NULL,NULL,NULL,NULL,NULL,NULL,NULL,NULL,0),(129,'rodolfomattosoares@gmail.com','$2a$10$RrO0zndANamrVWOtXoQhCeLWrPZqVJHn0O3dJuRMWpgepCzdBeIqO',NULL,NULL,NULL,2,'2018-09-06 19:38:15','2018-09-04 17:56:01','179.241.226.70','186.232.44.73','2018-09-04 17:56:01','2018-09-06 19:38:15','Rodolfo Mattos Soares','2009.2.120.0296','Bacharelao em Sistemas de Informação','Aluno',NULL,NULL,NULL,NULL,NULL,NULL,NULL,NULL,NULL,NULL,NULL,0),(130,'rafaellav.adm@gmail.com','$2a$10$5A3zXnF6uPnBIgSMSC7vWONomvG9Qx0lz.dgBZs7TeUquE8SmOplu',NULL,NULL,NULL,6,'2018-09-12 07:16:43','2018-09-11 23:03:12','187.105.201.79','187.105.201.79','2018-09-07 23:08:53','2018-09-12 07:16:43','Rafaella Vasconcelos Silva de Araújo Nogueira','2013.2.120.0250','Bacharelao em Sistemas de Informação','Aluno',NULL,NULL,NULL,NULL,NULL,NULL,NULL,NULL,NULL,NULL,NULL,0),(131,'diegorg@hotmail.com.br','$2a$10$IZMY5eW6h3dMM/ZJ/DnxH.L/TvGZLexBCYNW7LuJE1aHKVhVyVfU2',NULL,NULL,NULL,2,'2018-09-21 11:46:52','2018-09-10 16:55:25','164.85.17.102','164.85.21.106','2018-09-10 16:55:25','2018-09-21 11:46:52','Diego dos Reis Gomes','2009.2.120.0105','Bacharelao em Sistemas de Informação','Aluno',NULL,NULL,NULL,NULL,NULL,NULL,NULL,NULL,NULL,NULL,NULL,0),(132,'j.rodolfopps@gmail.com','$2a$10$VJscRmyDnk.COXpjqXztJ.T0XbtggCJglK2sG6sQC8WlL/VB7PMKO',NULL,NULL,NULL,1,'2018-09-11 12:49:18','2018-09-11 12:49:18','187.63.100.20','187.63.100.20','2018-09-11 12:49:18','2018-09-11 12:49:18','José Rodolfo Pinto Pessanha da Silva','2012.1.120.0310','Bacharelao em Sistemas de Informação','Aluno',NULL,NULL,NULL,NULL,NULL,NULL,NULL,NULL,NULL,NULL,NULL,0),(133,'alinealvesmc@gmail.com','$2a$10$c9jZyo1cv2YYWC/1J3z09uRVvemeuF32PMoIr/vkrGNCHbrqdYUGy',NULL,NULL,NULL,1,'2018-09-14 21:26:31','2018-09-14 21:26:31','170.78.224.6','170.78.224.6','2018-09-14 21:26:31','2018-09-14 21:26:31','Aline Alves Moreno Cantilieri','____._.___.____','Bacharelao em Sistemas de Informação','Aluno',NULL,NULL,NULL,NULL,NULL,NULL,NULL,NULL,NULL,NULL,NULL,0),(134,'mattmanhaes@gmail.com','$2a$10$SMyX6DafUTyBj8VKcsIDvOhvrR.EyfBA27ZP0QN5omLYTHoRqkbF.',NULL,NULL,NULL,1,'2018-09-25 16:26:17','2018-09-25 16:26:17','186.212.148.189','186.212.148.189','2018-09-25 16:26:17','2018-09-25 16:26:17','Matheus Manhães Tavares','2012.2.120.0143','Bacharelao em Sistemas de Informação','Aluno',NULL,NULL,NULL,NULL,NULL,NULL,NULL,NULL,NULL,NULL,NULL,0),(139,'jhonatam.forever@gmail.com','$2a$10$WHWcYaMXnEC5VOqb9IDlMemYqG67Ov0wEdrVWsI/2Aqe50FOCbC0a',NULL,NULL,NULL,5,'2019-03-24 23:40:27','2019-03-22 16:42:47','45.71.240.71','45.71.240.71','2019-03-12 16:27:22','2019-03-24 23:40:27','jhonatam de souza medina','2016.1.120.0369','Bacharelao em Sistemas de Informação','Aluno',NULL,NULL,NULL,NULL,NULL,NULL,NULL,NULL,NULL,NULL,NULL,0),(135,'leandro.pires.souza@gmail.com','$2a$10$Lu6g869EwBe1.Sr2jFygu.jGctx3cPsBDPMYo1yCTruQIbF.u4BqC',NULL,NULL,NULL,1,'2018-10-09 20:56:43','2018-10-09 20:56:43','177.79.19.230','177.79.19.230','2018-10-09 20:56:43','2018-10-09 20:56:43','Leandro Pires de Souza','2011.1.120.0424','Bacharelao em Sistemas de Informação','Aluno',NULL,NULL,NULL,NULL,NULL,NULL,NULL,NULL,NULL,NULL,NULL,0),(136,'karine.rodriguez@hotmail.com','$2a$10$kTSYec5UDQE8kAoT9QKOnOf4ZKE25ICUaj7GTWNHCBJVffg2EUkHK',NULL,NULL,NULL,2,'2018-10-11 02:13:03','2018-10-10 04:10:33','45.161.193.127','45.161.193.127','2018-10-10 04:10:33','2018-10-11 02:13:03','Karine Rodrigues de Sousa','2012.1.120.0167','Bacharelao em Sistemas de Informação','Aluno',NULL,NULL,NULL,NULL,NULL,NULL,NULL,NULL,NULL,NULL,NULL,0),(137,'renan.renolds@gmail.com','$2a$10$g5HjNxI3437Kf41crWIJj.te6hHJGcrh8PWGuXYcWSKpo056BuXre',NULL,NULL,'2018-12-07 01:44:23',6,'2019-12-05 10:37:57','2019-09-10 21:55:00','179.162.72.16','179.234.224.208','2018-10-30 22:23:04','2019-12-05 10:37:57','Renan de Souza Marques de Oliveira','2015.1.120.0235','Bacharelao em Sistemas de Informação','Aluno',NULL,NULL,NULL,NULL,NULL,NULL,NULL,NULL,NULL,NULL,NULL,0),(138,'caldaskaio93@gmail.com','$2a$10$5yDc0hXXim509czRsAGeoOk7IAVOCWfWAFQwaKSHHsbv6DSp5oLJG',NULL,NULL,NULL,2,'2019-01-14 22:58:54','2019-01-14 22:55:01','179.176.39.80','179.176.39.80','2019-01-14 22:55:01','2019-01-14 22:58:54','Kaio Gonçalves Caldas','2013.2.120.0196','Bacharelao em Sistemas de Informação','Aluno',NULL,NULL,NULL,NULL,NULL,NULL,NULL,NULL,NULL,NULL,NULL,0),(140,'thalyscg@gmail.com','$2a$10$O3qPLN96CVdEnUXxjgr.EuKshCHtD9j8Nv5zyBYFZziKSkHHbEaKu',NULL,NULL,NULL,1,'2019-03-13 17:54:19','2019-03-13 17:54:19','45.161.194.23','45.161.194.23','2019-03-13 17:54:19','2019-03-13 17:54:19','Thalys da Cruz Grillo','____._.___.____','Bacharelao em Sistemas de Informação','Aluno',NULL,NULL,NULL,NULL,NULL,NULL,NULL,NULL,NULL,NULL,NULL,0),(141,'davidragon10@hotmail.com','$2a$10$RHiF/DuQfP52nvzg4eVPdeEagWOm96Xv8MBdCjlcD6iIuQkWdGQiq',NULL,NULL,NULL,3,'2019-03-25 21:32:51','2019-03-24 21:56:01','189.40.65.57','179.198.233.85','2019-03-23 02:02:03','2019-03-25 21:32:51','David da Silva Azeredo','2014.2.120.0309','Bacharelao em Sistemas de Informação','Aluno',NULL,NULL,NULL,NULL,NULL,NULL,NULL,NULL,NULL,NULL,NULL,0),(142,'edgarfigueiraca@gmail.com','$2a$10$hPXs/mUKvn2ojaQlk0DKHuNwxU4YuUb8K3/ZO4KdFF2/Og/IzT63G',NULL,NULL,NULL,1,'2019-03-23 02:06:37','2019-03-23 02:06:37','186.192.56.188','186.192.56.188','2019-03-23 02:06:37','2019-03-23 02:06:37','Edgar Francisco Figueira Gomes','2018.1.120.0249','Bacharelao em Sistemas de Informação','Aluno',NULL,NULL,NULL,NULL,NULL,NULL,NULL,NULL,NULL,NULL,NULL,0),(143,'eliasjunior.11@hotmail.com','$2a$10$NGlVmLmaBAuz7tRUWA6X4.Q6iwk916GFWwq/ww.d8DepcK.gAbEhW',NULL,NULL,NULL,2,'2019-11-30 18:39:22','2019-03-23 14:02:46','138.59.41.6','177.47.130.230','2019-03-23 14:02:46','2019-11-30 18:39:22','Elias Sousa Batista Júnior','2017.2.120.0169','Bacharelao em Sistemas de Informação','Aluno',NULL,NULL,NULL,NULL,NULL,NULL,NULL,NULL,NULL,NULL,NULL,0),(144,'luizhenbernardes@gmail.com','$2a$10$Y72B3GMT/D2XmjzqQeAahuRew.Cffu8iYzLJh8jYSjzqciHLrmpwG',NULL,NULL,NULL,1,'2019-03-26 00:58:04','2019-03-26 00:58:04','181.221.76.228','181.221.76.228','2019-03-26 00:58:04','2019-03-26 00:58:04','Luiz Henrique Ribeiro Bernardes','2010.1.120.0384','Bacharelao em Sistemas de Informação','Aluno',NULL,NULL,NULL,NULL,NULL,NULL,NULL,NULL,NULL,NULL,NULL,0),(145,'karine_silalmeida@hotmail.com','$2a$10$MftXFMUByFQRJ.IcW2zdcugnoAYFGk3LVAMcuqCezNLqxMXNvPb1q',NULL,NULL,NULL,3,'2019-04-30 19:42:06','2019-04-27 00:25:44','200.220.210.21','200.220.210.21','2019-04-26 23:49:13','2019-05-03 11:14:46','Karine Silva De Almeida','2013.2.120.0323','Bacharelao em Sistemas de Informação','Aluno',NULL,NULL,NULL,NULL,NULL,NULL,NULL,NULL,NULL,NULL,NULL,0),(146,'matrb94@gmail.com','$2a$10$J9tCgWRmEYUV1VkUwUL0n.b3bIAirrkaeGnhDLYcrG63v9iyxse4G',NULL,NULL,NULL,1,'2019-05-17 21:36:46','2019-05-17 21:36:46','187.105.216.225','187.105.216.225','2019-05-17 21:36:46','2019-05-17 21:36:46','Mateus Rodrigues Barcelos','2017.2.120.0304','Bacharelao em Sistemas de Informação','Aluno',NULL,NULL,NULL,NULL,NULL,NULL,NULL,NULL,NULL,NULL,NULL,0),(147,'higor.italva@gmail.com','$2a$10$MJfgg42BGq0b8tde7hoa7O3g8BdiK9.MXtSQUem1a.7d8z2a7s55C','8cb7e90088cdff47a26e0e6a476654b69c2c885b94daa9df800679bd69b3b4df','2019-09-10 00:16:30',NULL,4,'2019-09-10 11:14:18','2019-09-10 00:18:50','45.71.240.79','45.71.240.82','2019-09-08 02:00:23','2019-09-10 11:14:18','Higor Rodrigues Soares Silveira','2015.2.120.0203','Bacharelao em Sistemas de Informação','Aluno',NULL,'2019-09-07 03:00:00',NULL,NULL,NULL,NULL,NULL,NULL,NULL,NULL,NULL,0),(148,'neemiasvf@gmail.com','$2a$10$A72Eiuq0uUC1PfwiqvUAFuxh6kL1/m8B8lBbJ90Wm3CQeWP/B/kWS',NULL,NULL,NULL,7,'2019-09-12 05:54:06','2019-09-10 03:53:24','131.100.240.144','131.100.240.144','2019-09-09 03:53:54','2019-09-12 05:54:06','Neemias Vitorino Freitas','2012.1.120.0183','Bacharelao em Sistemas de Informação','Aluno',NULL,NULL,NULL,NULL,NULL,NULL,NULL,NULL,NULL,NULL,NULL,0),(165,'gabrielmelogs@gmail.com','$2a$10$.ozOvOpJdVyjuxXqL5jVme4IO/WhV1Qzpi/o1IL6R9ISutKEg8W/K',NULL,NULL,NULL,2,'2020-06-03 00:34:27','2019-12-20 20:44:56','187.19.58.136','187.19.60.129','2019-12-20 20:44:56','2020-06-03 00:34:27','Gabriel Mello Garcez de Souza','2018.2.120.0152','Bacharelao em Sistemas de Informação','Aluno',NULL,NULL,NULL,NULL,NULL,NULL,NULL,NULL,NULL,NULL,NULL,0),(149,'higorb2000@gmail.com','$2a$10$uqLSA/NrQzcDHcfx6F5cR.xSsKoex62IoET7c1c5b.xH5lfM2YrTW',NULL,NULL,'2019-10-09 18:51:58',2,'2019-10-09 18:51:58','2019-10-09 17:45:31','191.250.229.223','191.250.229.223','2019-10-09 17:45:31','2019-10-09 18:51:58','Higor Gonçalves Brandão','____._.___.____','Engenharia da Computação','Aluno',NULL,NULL,NULL,NULL,NULL,NULL,NULL,NULL,NULL,NULL,NULL,0),(150,'lucas.reas30@gmail.com','$2a$10$6khq2yDWzdO/XFg8wbTvcuddPFduaAGdvZ/cpuVyIPBsIW2.uJUSa',NULL,NULL,NULL,1,'2019-10-10 19:01:12','2019-10-10 19:01:12','200.143.198.45','200.143.198.45','2019-10-10 19:01:12','2019-10-10 19:01:12','Lucas Ribeiro Arêas','2016.1.125.0102','Engenharia da Computação','Aluno',NULL,NULL,NULL,NULL,NULL,NULL,NULL,NULL,NULL,NULL,NULL,0),(151,'wallace.s.barreto@gmail.com','$2a$10$s7noioFrXKvKDtxbsPicVO1/SZMeqdtLID2g9tvoA3p1g3wLqe1p2',NULL,NULL,'2019-11-11 11:40:52',9,'2020-02-18 20:58:35','2019-12-17 12:10:47','177.79.118.20','187.63.100.20','2019-11-07 14:26:53','2020-02-18 20:58:35','Wallace da Silva Barreto de Carvalho','2019.2.120.0081','Bacharelao em Sistemas de Informação','Aluno',NULL,NULL,NULL,NULL,NULL,NULL,NULL,NULL,NULL,NULL,NULL,0),(152,'l.henrique.b.g.filho@gmail.com','$2a$10$BSKqQlbW49hYu60J.P.BJe66FvtTTe8SGXaB.8OUur9Vu.NxWtuti',NULL,NULL,NULL,2,'2020-06-01 01:09:26','2019-11-29 20:03:08','45.226.119.255','177.79.126.182','2019-11-29 20:03:08','2020-06-01 01:09:26','Luis Henrique Barbosa Gomes Filho','____._.___.____','Bacharelao em Sistemas de Informação','Aluno',NULL,NULL,NULL,NULL,NULL,NULL,NULL,NULL,NULL,NULL,NULL,0),(153,'slealamanda@gmail.com','$2a$10$RaxCjapt92dkHnW6jvPPZeFK6P/oQolaRcNhPYsdMpidUCF1iU9Fm',NULL,NULL,NULL,1,'2019-11-30 18:44:30','2019-11-30 18:44:30','187.15.223.11','187.15.223.11','2019-11-30 18:44:30','2019-11-30 18:44:30','Amanda da Silva Leal','____._.___.____','Bacharelao em Sistemas de Informação','Aluno',NULL,NULL,NULL,NULL,NULL,NULL,NULL,NULL,NULL,NULL,NULL,0),(154,'tiagobc@live.com','$2a$10$DAzgt0q0RzsqgHzZdB5n1u5Cr3PENEgNNz7ON4tcRAirHj1OkUGry',NULL,NULL,NULL,1,'2019-11-30 18:51:02','2019-11-30 18:51:02','177.129.155.138','177.129.155.138','2019-11-30 18:51:02','2019-11-30 18:51:02','Tiago Batista Corrêa','____._.___.____','Bacharelao em Sistemas de Informação','Aluno',NULL,NULL,NULL,NULL,NULL,NULL,NULL,NULL,NULL,NULL,NULL,0),(155,'brendomonteirodasilva@gmail.com','$2a$10$8vrefkpWX2cL9qNDWrQXjeo/bdcs.pQjEu9PDPsPYkEUQzm8tpyMS',NULL,NULL,NULL,1,'2019-11-30 19:00:15','2019-11-30 19:00:15','45.161.193.248','45.161.193.248','2019-11-30 19:00:15','2019-11-30 19:00:15','Brendo Monteiro da Silva','____._.___.____','Bacharelao em Sistemas de Informação','Aluno',NULL,NULL,NULL,NULL,NULL,NULL,NULL,NULL,NULL,NULL,NULL,0),(156,'pedro.bissonho@gmail.com','$2a$10$gSM1n82Q.rhIeJ4txk8Jy.LVXbKHle1m3Esn4NyG3uFdlGPKw/IAa',NULL,NULL,NULL,1,'2019-11-30 22:32:02','2019-11-30 22:32:02','190.180.170.98','190.180.170.98','2019-11-30 22:32:02','2019-11-30 22:32:02','Pedro Henrique Bissonho da Silva','2018.1.120.0346','Bacharelao em Sistemas de Informação','Aluno',NULL,NULL,NULL,NULL,NULL,NULL,NULL,NULL,NULL,NULL,NULL,0),(157,'anacarolinacastellop@gmail.com','$2a$10$P4KhyxVWMBLCFh3gUzvnEOs7I1NQD8ALbI/NxEs0m.tqqLoBhEDV2',NULL,NULL,NULL,1,'2019-12-01 17:46:37','2019-12-01 17:46:37','187.105.220.73','187.105.220.73','2019-12-01 17:46:37','2019-12-01 17:46:37','Ana Carolina Pereira Castello','2018.2.120.0160','Bacharelao em Sistemas de Informação','Aluno',NULL,NULL,NULL,NULL,NULL,NULL,NULL,NULL,NULL,NULL,NULL,0),(158,'ronald.s.lopes96@gmail.com','$2a$10$qxMLKDKH/xUzcXvnDJFPq.WBCCXc9GIgndvqlxIyXc66pqNcDChcO',NULL,NULL,'2020-01-22 00:26:07',8,'2020-03-05 11:55:53','2020-03-04 17:37:07','187.63.106.168','186.192.61.170','2019-12-02 18:06:55','2020-03-05 11:55:53','Ronald Soares Lopes','2015.1.125.0194','Engenharia da Computação','Aluno',NULL,NULL,NULL,NULL,NULL,NULL,NULL,NULL,NULL,NULL,NULL,0),(159,'uandersons753@gmail.com','$2a$10$boSoBnOydMOBzLZ4RZnJReCornPr4uJ/3/MNGM7m60LMgFTecfmnC',NULL,NULL,NULL,6,'2020-09-02 02:25:12','2020-03-06 18:50:19','177.25.180.111','131.100.107.240','2019-12-02 18:07:22','2020-09-02 02:25:12','Uanderson da Conceição Silva','2015.1.125.0011','Engenharia da Computação','Aluno',NULL,NULL,NULL,NULL,NULL,NULL,NULL,NULL,NULL,NULL,NULL,0),(160,'saramonteirosouza44@gmail.com','$2a$10$tBiHMSA66Y.CBHMhVL/UU.VU5teY48Jcvqk5okjkLzIyBs5V3j5uW',NULL,NULL,NULL,3,'2020-02-24 20:06:06','2020-02-19 18:03:02','177.79.117.71','187.63.104.196','2019-12-02 18:08:30','2020-02-24 20:06:06','Sara da Cunha Monteiro de Souza','2015.1.125.0160','Engenharia da Computação','Aluno',NULL,NULL,NULL,NULL,NULL,NULL,NULL,NULL,NULL,NULL,NULL,0),(161,'lucasdiniz.smt@gmail.com','$2a$10$SW2V2uKHTwQtGqjusuZ0ZeggWVZYr.t/TfmEN91H9cgW8419F2F9K',NULL,NULL,'2019-12-04 13:07:18',18,'2020-03-15 19:47:34','2020-03-14 19:11:48','177.40.150.97','177.79.113.233','2019-12-02 18:09:16','2020-03-15 19:47:34','Lucas Diniz Santos Henrique','2015.1.125.0100','Engenharia da Computação','Aluno',NULL,NULL,NULL,NULL,NULL,NULL,NULL,NULL,NULL,NULL,NULL,0),(162,'mateusbissonho@gmail.com','$2a$10$rTMPjMEsEpwnDQWZAm8gL.fEI9tuSh2vKuRjdQYFN/IvqsAQfrZm2',NULL,NULL,NULL,11,'2020-02-13 10:54:32','2020-02-13 10:52:28','190.180.172.136','190.180.172.136','2019-12-03 19:00:38','2020-02-13 10:54:32','Mateus Almeida Bissonho da Silva','2016.1.120.0199','Bacharelao em Sistemas de Informação','Aluno',NULL,NULL,NULL,NULL,NULL,NULL,NULL,NULL,NULL,NULL,NULL,0),(163,'gabarros17@gmail.com','$2a$10$OJxqW8ddAVBXjsNCK672zOQdWSbOj0132L7RcVJfbpV9ZCTmEIRBy',NULL,NULL,'2019-12-11 19:49:07',8,'2020-03-04 16:37:47','2020-02-13 00:06:21','170.78.224.135','190.180.177.147','2019-12-04 13:58:45','2020-03-04 16:37:47','Gabriel de Almeida Barros','2017.1.120.0352','Bacharelao em Sistemas de Informação','Aluno',NULL,NULL,NULL,NULL,NULL,NULL,NULL,NULL,NULL,NULL,NULL,0),(164,'mtsma37@gmail.com','$2a$10$STYSPG.kwHY.2/mKkygjrelijKqJl0xud0y8UAgy3YCVrujLsebLW',NULL,NULL,'2020-02-07 17:04:46',3,'2020-02-07 17:04:46','2019-12-04 17:31:44','168.232.247.15','168.232.247.18','2019-12-04 15:56:07','2020-02-07 17:04:46','Matheus Machado de Almeida','','Bacharelao em Sistemas de Informação','Aluno',NULL,NULL,NULL,NULL,NULL,NULL,NULL,NULL,NULL,NULL,NULL,0),(166,'mjv@gmail.com','$2a$10$mQwYiCWbCoTL.4Vf7AtA1OqOdy3LpcOww5wkVJIGlExwOVY.bzKqy',NULL,NULL,NULL,5,'2020-01-27 20:33:19','2020-01-27 19:47:09','200.143.198.45','200.143.198.45','2020-01-27 19:39:47','2020-01-27 20:33:19','Mau','1111.1.111.1111','Bacharelao em Sistemas de Informação','Aluno',NULL,NULL,NULL,NULL,NULL,NULL,NULL,NULL,NULL,NULL,NULL,0),(167,'lglmoura@gmail.com','$2a$10$/ywYdkcShdMVQAXVgegRZ.GHE9TdDCdI.RqeK9yJgqcScjcECJ8Y6',NULL,NULL,NULL,2,'2020-01-28 21:04:35','2020-01-28 01:01:09','200.143.198.45','45.226.119.122','2020-01-28 01:01:09','2020-01-28 21:04:35','Luiz Gustavo Lourenço Moura','0000.0.000.0000','Engenharia da Computação','Administrador',NULL,'2020-01-26 03:00:00',NULL,NULL,NULL,NULL,NULL,NULL,NULL,NULL,NULL,0),(168,'ribeiro.ribeiro@gmail.com','$2a$10$i61u1pXmPNna3i3hh4TBVOEvwoMpR6WA0XAy3O.QzU1Jq2uiSTzpa',NULL,NULL,NULL,1,'2020-02-21 16:13:25','2020-02-21 16:13:25','177.131.163.130','177.131.163.130','2020-02-21 16:13:24','2020-02-21 16:13:25','Gleyson Barcelos Ribeiro','2018.1.120.0095','Bacharelao em Sistemas de Informação','Aluno',NULL,NULL,NULL,NULL,NULL,NULL,NULL,NULL,NULL,NULL,NULL,0),(169,'m@gmail.com','$2a$10$t7UG6B6KXAah.0yR10rl/eSOeQGReGEkR0Nc4K/Qf9OvuXv9fZGxa',NULL,NULL,NULL,2,'2020-03-03 20:53:47','2020-03-03 20:47:17','200.143.198.42','200.143.198.42','2020-03-03 20:47:17','2020-03-03 20:53:47','Mauricio Aluno','9999.9.999.9999','Bacharelao em Sistemas de Informação','Aluno',NULL,NULL,NULL,NULL,NULL,NULL,NULL,NULL,NULL,NULL,NULL,0),(170,'matheus_rochak@live.com','$2a$10$oiu5Po.bmh5sqI9ITpGu7.zswqlAKyY3pyTM4d9yAA1sDpXR.PALq',NULL,NULL,NULL,1,'2020-06-17 00:06:46','2020-06-17 00:06:46','201.17.112.129','201.17.112.129','2020-06-17 00:06:46','2020-06-17 00:06:46','Matheus Silva Rocha','2017.2.120.0142','Bacharelao em Sistemas de Informação','Aluno',NULL,NULL,NULL,NULL,NULL,NULL,NULL,NULL,NULL,NULL,NULL,0),(171,'jessicafdm19@gmail.com','$2a$10$bZ7uUwQ45pyJUdjUoq/5ruP5pnw/7z.AV9XJNT7x2uXr2hbcPl8FS',NULL,NULL,NULL,1,'2020-09-10 00:08:47','2020-09-10 00:08:47','170.150.253.235','170.150.253.235','2020-09-10 00:08:47','2020-09-10 00:08:47','Jéssica Felix de Melo Santos','2020.1.125.0096','Engenharia da Computação','Aluno',NULL,NULL,NULL,NULL,NULL,NULL,NULL,NULL,NULL,NULL,NULL,0);
/*!40000 ALTER TABLE `users` ENABLE KEYS */;
UNLOCK TABLES;

--
-- Table structure for table `usuarios`
--

DROP TABLE IF EXISTS `usuarios`;
/*!40101 SET @saved_cs_client     = @@character_set_client */;
/*!40101 SET character_set_client = utf8 */;
CREATE TABLE `usuarios` (
  `id` int(11) NOT NULL AUTO_INCREMENT,
  `nome` varchar(255) COLLATE utf8_unicode_ci DEFAULT NULL,
  `email` varchar(255) COLLATE utf8_unicode_ci DEFAULT NULL,
  `matricula` varchar(255) COLLATE utf8_unicode_ci DEFAULT NULL,
  `curso` varchar(255) COLLATE utf8_unicode_ci DEFAULT NULL,
  `tipo` varchar(255) COLLATE utf8_unicode_ci DEFAULT NULL,
  `created_at` datetime NOT NULL,
  `updated_at` datetime NOT NULL,
  `confirmed_at` datetime DEFAULT NULL,
  PRIMARY KEY (`id`)
) ENGINE=InnoDB DEFAULT CHARSET=utf8 COLLATE=utf8_unicode_ci;
/*!40101 SET character_set_client = @saved_cs_client */;

--
-- Dumping data for table `usuarios`
--

LOCK TABLES `usuarios` WRITE;
/*!40000 ALTER TABLE `usuarios` DISABLE KEYS */;
/*!40000 ALTER TABLE `usuarios` ENABLE KEYS */;
UNLOCK TABLES;
/*!40103 SET TIME_ZONE=@OLD_TIME_ZONE */;

/*!40101 SET SQL_MODE=@OLD_SQL_MODE */;
/*!40014 SET FOREIGN_KEY_CHECKS=@OLD_FOREIGN_KEY_CHECKS */;
/*!40014 SET UNIQUE_CHECKS=@OLD_UNIQUE_CHECKS */;
/*!40101 SET CHARACTER_SET_CLIENT=@OLD_CHARACTER_SET_CLIENT */;
/*!40101 SET CHARACTER_SET_RESULTS=@OLD_CHARACTER_SET_RESULTS */;
/*!40101 SET COLLATION_CONNECTION=@OLD_COLLATION_CONNECTION */;
/*!40111 SET SQL_NOTES=@OLD_SQL_NOTES */;

-- Dump completed on 2020-09-10 18:18:41
