-- MySQL dump 10.13  Distrib 5.7.12, for osx10.9 (x86_64)
--
-- Host: 10.11.8.11    Database: AtivCompl
-- ------------------------------------------------------
-- Server version	5.7.16-0ubuntu0.16.04.1

/*!40101 SET @OLD_CHARACTER_SET_CLIENT=@@CHARACTER_SET_CLIENT */;
/*!40101 SET @OLD_CHARACTER_SET_RESULTS=@@CHARACTER_SET_RESULTS */;
/*!40101 SET @OLD_COLLATION_CONNECTION=@@COLLATION_CONNECTION */;
/*!40101 SET NAMES utf8 */;
/*!40103 SET @OLD_TIME_ZONE=@@TIME_ZONE */;
/*!40103 SET TIME_ZONE='+00:00' */;
/*!40014 SET @OLD_UNIQUE_CHECKS=@@UNIQUE_CHECKS, UNIQUE_CHECKS=0 */;
/*!40014 SET @OLD_FOREIGN_KEY_CHECKS=@@FOREIGN_KEY_CHECKS, FOREIGN_KEY_CHECKS=0 */;
/*!40101 SET @OLD_SQL_MODE=@@SQL_MODE, SQL_MODE='NO_AUTO_VALUE_ON_ZERO' */;
/*!40111 SET @OLD_SQL_NOTES=@@SQL_NOTES, SQL_NOTES=0 */;

--
-- Table structure for table `atividades`
--

DROP TABLE IF EXISTS `atividades`;
/*!40101 SET @saved_cs_client     = @@character_set_client */;
/*!40101 SET character_set_client = utf8 */;
CREATE TABLE `atividades` (
  `id` int(11) NOT NULL AUTO_INCREMENT,
  `descricao` varchar(255) COLLATE utf8_unicode_ci DEFAULT NULL,
  `modalidade_id` int(11) DEFAULT NULL,
  `aluno_id` int(11) DEFAULT NULL,
  `horas_req` int(11) DEFAULT NULL,
  `horas_jul` int(11) DEFAULT NULL,
  `anexo` varchar(255) COLLATE utf8_unicode_ci DEFAULT NULL,
  `julgador_id` int(11) DEFAULT NULL,
  `created_at` datetime NOT NULL,
  `updated_at` datetime NOT NULL,
  PRIMARY KEY (`id`),
  KEY `index_atividades_on_modalidade_id` (`modalidade_id`),
  KEY `index_atividades_on_aluno_id` (`aluno_id`),
  KEY `index_atividades_on_julgador_id` (`julgador_id`),
  CONSTRAINT `fk_rails_4a57019e21` FOREIGN KEY (`modalidade_id`) REFERENCES `modalidades` (`id`)
) ENGINE=InnoDB AUTO_INCREMENT=138 DEFAULT CHARSET=utf8 COLLATE=utf8_unicode_ci;
/*!40101 SET character_set_client = @saved_cs_client */;

--
-- Dumping data for table `atividades`
--

LOCK TABLES `atividades` WRITE;
/*!40000 ALTER TABLE `atividades` DISABLE KEYS */;
INSERT INTO `atividades` VALUES (4,'Estou desde 18 de maio na bolsa e isso dá mais de 360h, já que trabalho durante 20h semanais.',1,11,360,360,'bolsa.pdf',3,'2015-12-04 16:56:26','2015-12-15 01:08:50'),(5,'Na Bolsa de Iniciação Científica, tive como principal função o desenvolvimento de um site para o Projeto ao qual fazia parte.',2,4,360,360,'declara__o-Eliana.pdf',3,'2015-12-07 16:17:37','2015-12-08 12:20:12'),(6,'Comprovação das atividades como bolsista do NSI e do NC2',2,13,3360,360,'comprovante_nsi.pdf',3,'2015-12-10 14:25:14','2015-12-12 20:46:03'),(7,'Estágio na Purac Sínteses no período de 15/10/2012 à 14/10/2013, cumprindo 30h semanais durante 12 meses. ',8,5,1440,360,'Contrato_de_Est_gio.pdf',3,'2015-12-11 00:30:36','2015-12-12 20:44:56'),(8,'Monitoria de computador Projeto Aldeia Global',1,15,1440,360,'aldeia_global.pdf',3,'2015-12-13 14:25:28','2015-12-15 01:05:06'),(9,'Estágio de Suporte e Manutenção de Computadores',8,15,600,600,'Est_gio_2014-2.pdf',3,'2015-12-13 14:46:44','2015-12-15 01:10:09'),(11,'Atividades Extracurriculares',2,12,360,360,'tg.jpg',3,'2015-12-13 23:28:27','2015-12-15 01:09:24'),(12,'Treinamento de Perfil do Windows',15,9,3,3,'2_-_Treinamento_de_Perfil_do_Windows.pdf',3,'2015-12-14 09:25:42','2015-12-15 01:08:14'),(19,'Treinamento Ambientação SMHT - Segurança Medicina e Higiene do Trabalho',15,9,4,4,'Ambienta__o_SMHT_-_Seguran_a_Medicina_e_Higiene_do_Trabalho_01-09.pdf',3,'2015-12-14 09:46:48','2015-12-15 01:08:00'),(20,'Treinamento Bomgar',15,9,2,2,'Bomgar_16-09-1.pdf',3,'2015-12-14 09:47:17','2015-12-15 01:07:45'),(21,'Treinameno Cadastro (Cadastro de permissões e liberações de pastas e segurança)',15,9,4,4,'Cadastro_-_04-09.pdf',3,'2015-12-14 09:48:00','2015-12-15 01:07:28'),(22,'Treinamento Conhecendo o Ambiente Petrobrás - Orientações Básicas sobre TIC,',15,9,3,3,'Conhecendo_o_Ambiente_Petrobr_s_-_Orienta__es_B_sicas_sobre_TIC_02-09.pdf',3,'2015-12-14 09:48:46','2015-12-15 01:07:10'),(23,'Treinamento Código de Ética Sistema Petrobrás,',15,9,1,1,'C_digo_de__tica_01-09.pdf',3,'2015-12-14 09:54:29','2015-12-15 01:06:55'),(24,'Treinamento Conhecendo os Indicadores (Indicadores contratuais do Service Desk)',15,9,4,4,'Conhecendo_os_Indicadores_04-09.pdf',3,'2015-12-14 09:55:12','2015-12-15 01:06:34'),(25,'Treinamento Excel',15,9,4,4,'Excel_22-09-1.pdf',3,'2015-12-14 09:55:40','2015-12-15 01:06:12'),(26,'Treinamento Excelencia para Atender o seu Cliente',15,9,1,1,'Excel_ncia_para_Atender_o_seu_Cliente_01-09.pdf',3,'2015-12-14 09:56:06','2015-12-15 01:05:56'),(27,'Treinamento Harem (Sistema de Acesso a Intranet Petrobras externamente)',15,9,2,2,'Harem_16-09-1.pdf',3,'2015-12-14 09:56:56','2015-12-15 01:05:42'),(28,'Treinamento Impressão no Ambiente Windows',15,9,4,4,'Impress_o_no_Ambiente_Windows_18-09-1.pdf',3,'2015-12-14 09:57:52','2015-12-15 01:05:27'),(29,'Treinamento Lotus Notes - Básico',15,9,4,4,'Lotus_Notes_-_B_sico_24-09-1.pdf',3,'2015-12-14 09:58:23','2015-12-15 01:04:44'),(30,'Treinamento Mentor GSI',15,9,4,4,'Mentor_GSI_03-09.pdf',3,'2015-12-14 09:58:47','2015-12-15 00:09:09'),(31,'Treinamento Mentor GSI 2',15,9,4,4,'Mentor_GSI_26-09-1.pdf',3,'2015-12-14 09:59:24','2015-12-15 00:08:35'),(32,'Treinamento Monitoria de Qualidade / Gestão de Conflitos,',15,9,2,2,'Monitoria_de_Qualidade-Gest_o_de_Conflitos_02-09.pdf',3,'2015-12-14 10:03:30','2015-12-15 00:08:17'),(33,'Treinamento Portal do Atendimento',15,9,2,2,'Portal_do_Atendimento_03-09.pdf',3,'2015-12-14 10:04:01','2015-12-15 00:08:00'),(34,'Treinamento Regra de Classificação de Pastas (Segurança da Informação)',1,9,1,1,'Regra_de_classifica__o_de_pastas_12-11.pdf',3,'2015-12-14 10:04:45','2015-12-15 00:07:32'),(35,'Treinamento Segurança da Informação',15,9,2,1,'Seguran_a_da_Informa__o_01-09.pdf',3,'2015-12-14 10:05:19','2015-12-15 00:07:03'),(36,'Treinamento Sondagem',15,9,2,2,'Sondagem_03-09.pdf',3,'2015-12-14 10:05:46','2015-12-15 00:06:23'),(37,'Treinamento Troca Senha',15,9,4,4,'Troca_Senha_05-09.pdf',3,'2015-12-14 10:06:16','2015-12-15 00:05:52'),(38,'Treinamento Windows 7 Ambiente de Impressão Citrix',15,9,4,4,'Windows_7___Ambiente_de_Impress_o___Citrix_05-09.pdf',3,'2015-12-14 10:07:03','2015-12-15 00:05:26'),(39,'Certificado do VIII Congresso Integrado da Tecnologia da Informação',16,9,12,12,'CITI2015_-_Certificado_Palestras_-_Aluno.pdf',3,'2015-12-14 10:08:53','2015-12-15 00:05:05'),(40,'Curso \"Introdução à visão japonesa de qualidade e processos : mapeamento e aplicação para o desenvolvimento de software\"',15,9,4,4,'Screen_Shot_12-14-15_at_08.17_AM.PNG',3,'2015-12-14 10:11:27','2015-12-15 00:04:46'),(41,'XVIII Semana da Informática em Viçosa',16,17,30,30,'semana_informatica_2013.pdf',3,'2015-12-14 19:45:23','2015-12-15 01:11:16'),(42,'Bolsista do Projeto SIGAEPCT-ADM',2,16,3000,360,'declara__o_siga.pdf',3,'2015-12-15 00:23:32','2015-12-15 01:10:43'),(43,'Participação do 16º Fórum Internacional Software Livre',16,20,40,40,'Certificado_do_FISL_2015.pdf',3,'2015-12-15 10:37:39','2015-12-23 14:20:36'),(44,'Minicurso Introdução ao Arduíno',15,20,4,4,'digitalizar0003.pdf',3,'2015-12-15 10:38:50','2015-12-23 14:20:22'),(45,'V Semana Acadêmica da UENF',16,20,16,16,'digitalizar0004.pdf',3,'2015-12-15 11:36:43','2015-12-23 14:18:55'),(46,'Minicurso - Android',15,20,2,2,'digitalizar0005.pdf',3,'2015-12-15 11:37:28','2015-12-23 14:18:42'),(47,'Minicurso - Rails',15,20,2,2,'digitalizar0006.jpg',3,'2015-12-15 11:38:17','2015-12-23 14:18:01'),(48,'Minicurso Calc',15,20,3,3,'minicurso_calc.pdf',3,'2015-12-15 12:51:17','2015-12-23 14:17:47'),(49,'Minicurso Internet',15,20,2,2,'minicurso_internet.pdf',3,'2015-12-15 12:51:42','2015-12-23 14:16:39'),(50,'Minicurso Realidade Aumentada',15,20,3,3,'minicurso_realidade_aumentada.pdf',3,'2015-12-15 12:52:09','2015-12-23 14:15:45'),(51,'Minicurso Writer',15,20,3,3,'minicurso_writer.pdf',3,'2015-12-15 12:52:34','2015-12-23 14:15:24'),(52,'CITI 2015',16,20,12,12,'CITI2015_-_Certificado_Palestras_-_Aluno.pdf',3,'2015-12-15 12:55:07','2015-12-23 14:13:02'),(53,'XVII Semana de Informática UFV',16,20,28,28,'Certificado_XVII_Semana_de_Inform_tica.pdf',3,'2015-12-15 12:57:04','2015-12-16 18:28:05'),(54,'CITI 2012',16,20,12,12,'CITI2012_-_Certificado_Participacao.pdf',3,'2015-12-15 12:59:11','2015-12-16 18:27:50'),(55,'Bolsa de Apoio Tecnológico - DTIC/PTCE',2,20,260,260,'declara__o_de_bolsista.pdf',3,'2015-12-15 23:29:51','2015-12-16 18:26:50'),(56,'Declaração de horas em bolsa.',2,22,360,360,'Declara__o_de_tempo_de_bolsa0001.pdf',3,'2015-12-16 15:31:35','2015-12-21 16:22:10'),(57,'bolsa de iniciação de 20 horas semanais duração de um 1 ano',2,8,960,360,'AtividadeComplementar.jpeg',3,'2015-12-16 17:26:09','2015-12-16 18:27:19'),(58,'Estágio',8,20,100,100,'declara__o_de_est_gio.pdf',3,'2015-12-16 19:56:39','2015-12-23 14:12:36'),(59,'Trabalho como Analista de Suporte Desde 01/09/2014 até a presenta data',15,9,290,290,'Declaracao_-_Felipe_da_Silva_Rangel.pdf',3,'2015-12-17 11:05:09','2015-12-21 16:18:19'),(60,'Participação em palestra',15,24,3,3,'documento_2.pdf',3,'2015-12-17 19:00:55','2015-12-21 16:24:27'),(61,'Comprovação de que trabalho na área ',8,24,360,360,'doc8.pdf',3,'2015-12-17 19:04:21','2015-12-21 16:23:17'),(62,'Certificado de curso técnico em Informática',15,24,360,360,'doc7.pdf',3,'2015-12-17 19:05:39','2015-12-21 16:24:03'),(63,'Bolsista em projeto no IFF',1,24,360,360,'doc9.pdf',3,'2015-12-17 19:07:02','2015-12-23 14:11:18'),(64,'Participação em semana da informática',16,24,11,11,'doc3.pdf',3,'2015-12-17 19:08:40','2015-12-23 14:23:14'),(65,'Participação no evento Linux In Rio',16,24,9,9,'Scan.pdf',3,'2015-12-17 19:10:14','2015-12-23 14:22:56'),(66,'Participação no evento Local WEB',16,24,9,9,'doc4.pdf',3,'2015-12-17 19:11:45','2015-12-23 14:22:15'),(67,'Participação no evento Local WEB 2',1,24,9,9,'doc5.pdf',3,'2015-12-17 19:12:11','2015-12-23 14:22:01'),(68,'Estágio de Trainee em Programação',8,21,360,360,'Scan0001.pdf',3,'2015-12-18 12:59:57','2015-12-21 16:20:20'),(69,'Analista de Suporte - Indra',7,20,60,60,'Declara__o_Indra.pdf',3,'2015-12-18 17:02:23','2015-12-23 14:12:06'),(70,'Certificação Microsoft MCP',5,23,30,30,'mcp.jpg',3,'2015-12-20 23:03:19','2015-12-21 16:25:00'),(71,'Experiencia profissional na área',8,23,330,330,'ctps.jpg',3,'2015-12-20 23:06:53','2015-12-21 16:17:16'),(72,'Trabalho no cargo Analista de Suporte a 1 ano e 7 meses. Digitalização da página que possui a foto.',2,14,360,1,'Carteira_Trabalho_1.jpeg',3,'2015-12-21 00:01:37','2015-12-23 14:08:01'),(73,'Trabalho no cargo Analista de Suporte a 1 ano e 7 meses. Digitalização da página com o carimbo, e o cargo.',2,14,360,360,'Carteira_Trabalho_3.jpeg',3,'2015-12-21 00:04:32','2015-12-21 16:19:04'),(75,'Certificado de Prticipação na Campus Party Brasil 2014, evento realizado nos dias 27/01/2014 a 02/02/2014 no Anheimbi Parque, em São Paulo.',16,29,500,56,'ceriticadoCampusParty.pdf',3,'2016-05-19 13:43:39','2016-05-25 23:22:58'),(76,'Certificado de Participação da XVII Semana de Informática, realizada nos dias 21, 22, 23 e 24 de novembro de 2012',16,29,30,30,'XVII_Semana_de_Inform_tica.pdf',3,'2016-05-19 13:49:28','2016-05-25 23:22:31'),(77,'Certificado de Participação da XVIII Semana de Informática, realizada nos dias 02, 03, 04 e 05 de outubro de 2013.',16,29,30,30,'XVIII_Semana_de_Inform_tica.pdf',3,'2016-05-19 13:53:01','2016-05-25 23:22:07'),(78,'Certificado de Participação no curso de “Introdução à visão japonesa de qualidade e processos : mapeamento e aplicação para o desenvolvimento de software” durante a VII Congresso Integrado da Tecnologia da Informação, nos dias 05 e 06 de dezembro de 2012.',15,29,4,4,'CITI2012_-_Certificado_MiniCurso_-_Aluno.pdf',3,'2016-05-19 13:56:48','2016-05-25 23:21:35'),(79,'Certificado de Participação no VII Congresso Integrado da Tecnologia da Informação, nos dias 05, 06 e 07 de dezembro de 2012',16,29,12,12,'CITI2012_-_Certificado_Participacao.pdf',3,'2016-05-19 13:59:45','2016-05-25 23:21:18'),(80,'Certificado de Participação no VIII Congresso Integrado da Tecnologia da Informação, durantes os dias 21, 22 e 23 no dia 06 de outubro de 2015.',16,29,12,12,'CITI2015_-_Certificado_Palestras_-_Aluno.pdf',3,'2016-05-19 14:07:09','2016-05-25 23:20:56'),(82,'Bolsa de iniciação científica de março a agosto de 2013',2,33,480,360,'IC2013.pdf',3,'2016-05-31 22:00:40','2016-06-13 18:48:59'),(83,'Declaração de Estágio',8,32,360,360,'declara__o_de_Cl_vis.pdf',3,'2016-06-01 18:02:30','2016-06-13 18:48:36'),(84,'Participação em Congresso FISL 2014',16,35,40,40,'Certificado_participante_fisl14_Rayane.pdf',3,'2016-06-03 22:10:10','2016-06-13 18:52:08'),(85,'Participação em Congresso CITI 2015',16,35,12,12,'CITI2015_-_Certificado_Palestras_-_Aluno.pdf',3,'2016-06-03 22:14:14','2016-06-13 18:51:29'),(86,'Participação em minicurso no CITI 2015: “Introdução a Arquitetura e Programação de GPUs de última geração ” ',1,35,4,4,'CITI2015_-_Certificado_MiniCurso_-_Aluno.pdf',3,'2016-06-03 22:16:21','2016-06-13 18:51:14'),(87,'Apresentação de trabalho científico “IDENTIDADE DO PROFESSOR FRENTE ÀS TECNOLOGIAS DA INFORMAÇÃO”, na modalidade painel em evento IV Colóquio Interdisciplinar de Cognição e Linguagem na UENF',16,35,10,10,'Painel_Rayane_Kelli_dos_Reis_Ferreira.pdf',3,'2016-06-03 22:49:31','2016-06-13 18:51:02'),(88,'Publicação de artigo  Gamificação na Educação: Considerações Sobre o Uso Pedagógico de Estratégias de Games (http://www.essentiaeditora.iff.edu.br/index.php/citi/article/view/6950)',19,35,50,50,'CERTIFICADO1_1_.pdf',3,'2016-06-03 22:58:33','2016-06-13 18:50:44'),(89,'Publicação de Artigo em revista: INTERDISCIPLINARIDADE E LINGUAGEM: CONTRIBUIÇÕES PARA O ENSINO DE LÍNGUA MATERNA  (CiFEFiL)',19,35,50,50,'102.pdf',3,'2016-06-03 23:00:22','2016-06-13 18:50:16'),(90,'Participação em evento: webcast tecnico data center definido por software - SSDC ',1,35,10,10,'Cerificado.pdf',3,'2016-06-03 23:06:13','2016-06-13 18:50:00'),(91,'Contratação temporária de serviços de Profissional de Nível Médio - Informática na UENF por 40 horas semanais por um período de 7 meses a contar de 01.10.2012 a 30.04.2013 obs.: ((40horas x 4 semanas)x 7 meses)) = aprox. 1120horas',8,35,1000,360,'NOMEACAO_COMO_TECNICO_EM_INFORMATICA.pdf',3,'2016-06-03 23:26:23','2016-06-13 18:49:36'),(92,'Experiência em carteira trabalhando na área',8,36,3872,360,'atv.pdf',3,'2016-06-07 00:41:37','2016-06-13 18:48:21'),(93,'Participação no congresso do CITI',16,36,12,12,'CITI2015_-_Certificado_Palestras_-_Aluno_1_.pdf',3,'2016-06-07 01:03:23','2016-06-13 18:52:41'),(94,'Participação em Congresso Rock\'n Rails',16,36,8,8,'Certificado_Rock_n_Rails.pdf',3,'2016-06-07 01:06:07','2016-06-13 18:52:30'),(95,'Participação em congresso em Viçosa',16,36,24,24,'Gleison_Pereira_de_Medeiros.pdf',3,'2016-06-07 01:12:34','2016-06-13 18:52:19'),(96,'Comprovante de trabalho na área de TI.',2,37,360,360,'documento.pdf',3,'2016-06-24 11:56:33','2016-11-16 23:06:42'),(97,'Monitor de Algoritmos, Programação e Estrutura de dados na Coordenação de informática, do campus  Campos Centro. ',1,39,360,360,'images.pdf',3,'2016-08-19 23:39:16','2016-08-22 23:40:03'),(98,'Ouvinte nas palestras do SIMPÓSIO ANUAL DE LIDERANÇA, TRABALHO E OPORTUNIDADES realizado por IFFLUMINENSE CAMPUS CAMPOS-CENTRO.',16,46,20,NULL,'salto.pdf',3,'2016-09-21 00:57:14','2016-09-21 00:57:14'),(99,'Ouvinte nas palestras do VIII Congresso Integrado da Tecnologia da Informação, realizado no Instituto Federal Fluminense, campus Campos Centro.',16,46,12,12,'CITI.pdf',3,'2016-09-21 01:08:51','2016-10-02 10:16:50'),(100,'Certificado de Iniciação Profissional ',8,47,3024,360,'Declara__o0001.pdf',3,'2016-09-22 23:32:31','2016-11-16 22:17:17'),(101,'CITI2015',16,50,12,12,'branco.pdf',3,'2016-10-01 02:37:34','2016-11-16 23:03:43'),(103,'Microsoft Virtual Academy Certificate of Completion Microsoft Azure',15,50,12,12,'branco.pdf',3,'2016-10-01 02:46:58','2016-11-16 23:04:11'),(104,'Trabalho no setor de informatica com desenvolvimento de sistema',8,50,360,360,'branco.pdf',3,'2016-10-01 02:49:52','2016-11-16 23:04:27'),(105,'Carteira de Trabalho - Técnico em Informática + Analista de Suporte de TI',2,43,360,360,'branco.pdf',3,'2016-10-01 22:31:26','2016-11-16 23:05:26'),(106,'Certificado Cobit Fundação Bradesco',15,50,52,52,'branco.pdf',3,'2016-10-01 23:55:10','2016-11-16 23:02:45'),(114,'Estágio na EMBRAER Executive Jets - Área: Gerenciamento de Programas',8,49,480,360,'branco.pdf',3,'2016-10-03 14:50:58','2016-11-16 23:04:49'),(115,'Curso de Inglês',24,49,234,234,'branco.pdf',3,'2016-10-03 14:52:01','2016-11-16 23:05:06'),(116,'Trabalho como técnio em informática',1,48,400,360,'branco.pdf',3,'2016-10-03 16:07:58','2016-11-16 23:06:00'),(117,'Atividades praticadas em regime CTPS (Não tem a modalidade referente a CTPS, por isso coloquei estágio e a declaração das atividades conforme conversado na ultima aula)',8,53,360,360,'Declaracao.pdf',3,'2016-10-08 11:27:02','2016-11-16 23:05:45'),(118,'Bolsa de Iniciação Científica: Análise Automática de Fóruns de Discussão',2,55,360,360,'IniciacaoCientifica-Arthur.jpg',3,'2016-10-10 20:32:52','2016-10-13 01:36:52'),(119,'Declaração de estágio para horas complementares',8,56,360,360,'declaracao_de_estagio00.PDF',3,'2016-10-10 21:17:11','2016-11-16 22:14:45'),(120,'Exerci o cargo de Analista de Suporte Computacional na empresa CTIS por 1 ano e 7 meses e na empresa INDRA por 9 meses.',8,52,360,360,'carteira_trabalho_referencia.pdf',3,'2016-10-11 01:13:06','2016-11-16 22:16:36'),(121,'Emprego com carteira assinada na área a mais de 4 anos.Coloquei esta modalidade,pois foi a mais próxima.',8,59,360,360,'ti__1_.jpeg',3,'2016-10-11 21:41:33','2016-10-13 01:36:37'),(122,'5 meses como Analista de Suporte Remoto na área de TI. ',8,58,480,360,'carteira_de_trabalho_samila.pdf',3,'2016-10-12 01:57:02','2016-11-16 22:16:11'),(123,'Trabalho de Desenvolvedor Web - R.J. Empreendimentos e Serviços LTDA ME (Sinergia Soluções) de abril de 2012 a abril de 2013',1,54,1920,360,'Screen_Shot_10-12-16_at_02.26_PM.PNG',3,'2016-10-12 17:19:43','2016-11-16 22:15:45'),(124,'Trabalho de Analista de Suporte - Indra',1,54,960,360,'Screen_Shot_10-12-16_at_02.30_PM.PNG',3,'2016-10-12 17:31:03','2016-11-16 22:15:16'),(125,'Estágio ',8,62,360,360,'Declara__o_Est_gio.pdf',3,'2016-11-16 18:10:34','2016-11-16 20:11:04'),(126,'Participação em Eventos FISL',16,62,36,36,'FISL.pdf',3,'2016-11-16 18:11:44','2016-11-16 20:12:16'),(127,'Participação em Cursos Moodle',15,62,20,20,'Moodle.pdf',3,'2016-11-16 18:13:53','2016-11-16 20:15:01'),(128,'Ministrante de Palestra',11,62,3,3,'image2016-11-16-140329.pdf',3,'2016-11-16 18:15:44','2016-11-16 20:11:41'),(129,'Ministrante de Palestra',11,62,3,3,'image2016-11-16-140349.pdf',3,'2016-11-16 18:16:06','2016-11-16 20:12:00'),(130,'Ministrante de Palestra',11,62,3,3,'image2016-11-16-140349.pdf',3,'2016-11-16 18:16:31','2016-11-16 20:11:24'),(131,'Estágio ',8,61,2880,360,'scn_11172016_103134.pdf',3,'2016-11-17 13:38:16','2016-11-21 21:22:48'),(132,'Estagiário na Coordenação Adjunta de Administração e Desenvolvimento de Sistemas da DTIC do IFF - Campus Campos Centro por 30h semanais atuando em desenvolvimento de sistemas e afins (2013/2014).',8,64,2160,360,'scn_11172016_103009.pdf',3,'2016-11-18 10:26:18','2016-11-21 21:28:54'),(133,'congresso integrado da tecnologia da informação realizado no Iff Campus Centro',16,63,12,12,'CITI2012_-_Certificado_Participacao.pdf',3,'2016-11-18 19:39:48','2016-11-21 21:28:42'),(134,'estágio em empresa',8,63,600,360,'declaracaoestagioprecisao.pdf',3,'2016-11-18 19:44:34','2016-11-21 21:27:33'),(136,'evento sobre programação em Cachoeiro de Itapemirim',16,63,8,8,'certificado-dev-cachu.png',3,'2016-11-18 19:49:39','2016-11-21 21:28:14'),(137,'evento sobre programação',16,63,16,16,'certificado-ruby-conf.pdf',3,'2016-11-18 19:52:12','2016-11-21 21:28:30');
/*!40000 ALTER TABLE `atividades` ENABLE KEYS */;
UNLOCK TABLES;

--
-- Table structure for table `modalidades`
--

DROP TABLE IF EXISTS `modalidades`;
/*!40101 SET @saved_cs_client     = @@character_set_client */;
/*!40101 SET character_set_client = utf8 */;
CREATE TABLE `modalidades` (
  `id` int(11) NOT NULL AUTO_INCREMENT,
  `titulo` varchar(255) COLLATE utf8_unicode_ci DEFAULT NULL,
  `limite` int(11) DEFAULT NULL,
  `created_at` datetime NOT NULL,
  `updated_at` datetime NOT NULL,
  PRIMARY KEY (`id`)
) ENGINE=InnoDB AUTO_INCREMENT=25 DEFAULT CHARSET=utf8 COLLATE=utf8_unicode_ci;
/*!40101 SET character_set_client = @saved_cs_client */;

--
-- Dumping data for table `modalidades`
--

LOCK TABLES `modalidades` WRITE;
/*!40000 ALTER TABLE `modalidades` DISABLE KEYS */;
INSERT INTO `modalidades` VALUES (1,'Atividade de Monitoria',152,'2015-09-15 17:14:18','2015-09-15 17:14:18'),(2,'Atividade de iniciação científica ou equivalente',150,'2015-09-15 17:14:18','2015-09-15 17:14:18'),(3,'Autor ou co-autor de capítulo de livro-50h',100,'2015-09-15 17:14:18','2015-09-15 17:14:18'),(4,'Autor ou co-autor de  livro-120h por livro',100,'2015-09-15 17:14:18','2015-09-15 17:14:18'),(5,'Certificação profissional na área do Curso-30h por certificação',90,'2015-09-15 17:14:18','2015-09-15 17:14:18'),(6,'Debatedor em mesa-redonda ou similar',70,'2015-09-15 17:14:18','2015-09-15 17:14:18'),(7,'Disciplina não aproveitada como créditos no Curso',180,'2015-09-15 17:14:18','2015-09-15 17:14:18'),(8,'Estágio não obrigatório de no minimo - 60 Horas',152,'2015-09-15 17:14:18','2015-09-15 17:14:18'),(9,'Exercício de cargo eletivo na diretoria do DCE ou do CA do Curso-20h',20,'2015-09-15 17:14:18','2015-09-15 17:14:18'),(10,'Ministrante de curso de extensão',70,'2015-09-15 17:14:18','2015-09-15 17:14:18'),(11,'Ministrante de palestra',70,'2015-09-15 17:14:18','2015-09-15 17:14:18'),(12,'Participação em banca de trabalho de conclusão de curso ',10,'2015-09-15 17:14:18','2015-09-15 17:14:18'),(13,'Participação em comissão organizadora de evento e similar-10h por evento',30,'2015-09-15 17:14:18','2015-09-15 17:14:18'),(14,'Participação em concurso acadêmico-10h por Inscrição e 30h por Premiação',80,'2015-09-15 17:14:18','2015-09-15 17:14:18'),(15,'Participação em cursos/mini-cursos',125,'2015-09-15 17:14:18','2015-09-15 17:14:18'),(16,'Participação em eventos',50,'2015-09-15 17:14:18','2015-09-15 17:14:18'),(17,'Participação em equipe esportiva do IFF-20h por semestre',40,'2015-09-15 17:14:18','2015-09-15 17:14:18'),(18,'Participação em Workshops',125,'2015-09-15 17:14:18','2015-09-15 17:14:18'),(19,'Publicação de artigo científico completo-50h por artigo',150,'2015-09-15 17:14:18','2015-09-15 17:14:18'),(20,'Publicação de artigo científico-30h por artigo',90,'2015-09-15 17:14:18','2015-09-15 17:14:18'),(21,'Publicação de produção autoral-20h por produção',60,'2015-09-15 17:14:18','2015-09-15 17:14:18'),(22,'Resumo em anais de evento científico como autor ou co-autor- 30h por artigo',90,'2015-09-15 17:14:18','2015-09-15 17:14:18'),(23,'Serviço voluntário de caráter sócio comunitário',70,'2015-09-15 17:14:18','2015-09-15 17:14:18'),(24,'Realização de curso de idioma',125,'2015-09-15 17:14:18','2015-09-15 17:14:18');
/*!40000 ALTER TABLE `modalidades` ENABLE KEYS */;
UNLOCK TABLES;

--
-- Table structure for table `schema_migrations`
--

DROP TABLE IF EXISTS `schema_migrations`;
/*!40101 SET @saved_cs_client     = @@character_set_client */;
/*!40101 SET character_set_client = utf8 */;
CREATE TABLE `schema_migrations` (
  `version` varchar(255) COLLATE utf8_unicode_ci NOT NULL,
  UNIQUE KEY `unique_schema_migrations` (`version`)
) ENGINE=InnoDB DEFAULT CHARSET=utf8 COLLATE=utf8_unicode_ci;
/*!40101 SET character_set_client = @saved_cs_client */;

--
-- Dumping data for table `schema_migrations`
--

LOCK TABLES `schema_migrations` WRITE;
/*!40000 ALTER TABLE `schema_migrations` DISABLE KEYS */;
INSERT INTO `schema_migrations` VALUES ('20150827154015'),('20150827154259'),('20150827154330'),('20150827161547'),('20150828171008'),('20150828180147'),('20150901150235'),('20150904165242');
/*!40000 ALTER TABLE `schema_migrations` ENABLE KEYS */;
UNLOCK TABLES;

--
-- Table structure for table `users`
--

DROP TABLE IF EXISTS `users`;
/*!40101 SET @saved_cs_client     = @@character_set_client */;
/*!40101 SET character_set_client = utf8 */;
CREATE TABLE `users` (
  `id` int(11) NOT NULL AUTO_INCREMENT,
  `email` varchar(255) COLLATE utf8_unicode_ci NOT NULL DEFAULT '',
  `encrypted_password` varchar(255) COLLATE utf8_unicode_ci DEFAULT '',
  `reset_password_token` varchar(255) COLLATE utf8_unicode_ci DEFAULT NULL,
  `reset_password_sent_at` datetime DEFAULT NULL,
  `remember_created_at` datetime DEFAULT NULL,
  `sign_in_count` int(11) NOT NULL DEFAULT '0',
  `current_sign_in_at` datetime DEFAULT NULL,
  `last_sign_in_at` datetime DEFAULT NULL,
  `current_sign_in_ip` varchar(255) COLLATE utf8_unicode_ci DEFAULT NULL,
  `last_sign_in_ip` varchar(255) COLLATE utf8_unicode_ci DEFAULT NULL,
  `created_at` datetime DEFAULT NULL,
  `updated_at` datetime DEFAULT NULL,
  `nome` varchar(255) COLLATE utf8_unicode_ci DEFAULT NULL,
  `matricula` varchar(255) COLLATE utf8_unicode_ci DEFAULT NULL,
  `curso` varchar(255) COLLATE utf8_unicode_ci DEFAULT NULL,
  `tipo` varchar(255) COLLATE utf8_unicode_ci DEFAULT NULL,
  `confirmation_token` varchar(255) COLLATE utf8_unicode_ci DEFAULT NULL,
  `confirmed_at` datetime DEFAULT NULL,
  `confirmation_sent_at` datetime DEFAULT NULL,
  `unconfirmed_email` varchar(255) COLLATE utf8_unicode_ci DEFAULT NULL,
  `invitation_token` varchar(255) COLLATE utf8_unicode_ci DEFAULT NULL,
  `invitation_created_at` datetime DEFAULT NULL,
  `invitation_sent_at` datetime DEFAULT NULL,
  `invitation_accepted_at` datetime DEFAULT NULL,
  `invitation_limit` int(11) DEFAULT NULL,
  `invited_by_id` int(11) DEFAULT NULL,
  `invited_by_type` varchar(255) COLLATE utf8_unicode_ci DEFAULT NULL,
  `invitations_count` int(11) DEFAULT '0',
  PRIMARY KEY (`id`),
  UNIQUE KEY `index_users_on_email` (`email`),
  UNIQUE KEY `index_users_on_reset_password_token` (`reset_password_token`),
  UNIQUE KEY `index_users_on_invitation_token` (`invitation_token`),
  KEY `index_users_on_invitations_count` (`invitations_count`),
  KEY `index_users_on_invited_by_id` (`invited_by_id`)
) ENGINE=MyISAM AUTO_INCREMENT=65 DEFAULT CHARSET=utf8 COLLATE=utf8_unicode_ci;
/*!40101 SET character_set_client = @saved_cs_client */;

--
-- Dumping data for table `users`
--

LOCK TABLES `users` WRITE;
/*!40000 ALTER TABLE `users` DISABLE KEYS */;
INSERT INTO `users` VALUES (3,'mjvamorim@gmail.com','$2a$10$.RrsOUYHVeHJOdT2JF2rc.91xpMLdx3OhF4HtieHmjs.OspJrB1rS','186e11269f6815e17420eda08d44a6698e901cc4cba712e859c5f18ba0f542a5','2016-09-18 18:56:49',NULL,118,'2016-11-23 12:38:25','2016-11-23 12:13:15','200.143.198.43','200.143.198.43','2015-09-15 17:35:16','2016-11-23 12:38:25','Mauricio Amorim','0000.0.000.0000','Bacharelao em Sistemas de Informação','Administrador',NULL,'2015-09-15 03:00:00',NULL,NULL,NULL,NULL,NULL,'2015-11-26 19:54:43',NULL,NULL,NULL,0),(4,'elianagaudium@gmail.com','$2a$10$ulE1h4Y5C/NAljVdNTt3uenkW.sYhgLnTn0gwj1z9oCCzNYDdsxUm','c3a85bb484e4d4abf11808ae7949eb7f112301a532edf3a4ecaa47103962c881','2015-11-21 10:51:46',NULL,5,'2015-12-08 12:30:51','2015-12-08 09:46:52','200.143.198.43','200.143.198.43','2015-10-30 11:07:17','2015-12-08 12:30:51','Eliana da Silva Barbosa','2011.2.120.0010','Bacharelao em Sistemas de Informação','Aluno','af5d81d7ff7adc91043b50fb308fcd326b12dd77395538e3d675a6cf883c4c73','2015-11-27 02:00:00','2015-11-21 10:56:54',NULL,NULL,NULL,NULL,'2015-11-26 19:54:43',NULL,NULL,NULL,0),(5,'fazevedonat@gmail.com','$2a$10$Qc5xWtWaMj1OjIyN9igNr.pnnlZcOIWjPJ6IoZ6JpoQD/89D4BR/a','ASWxVxVjNUGsxVrFCqfn',NULL,NULL,2,'2015-12-11 00:27:43','2015-12-09 23:02:37','177.47.140.178','177.47.140.178','2015-11-26 21:45:30','2015-12-11 00:27:43','Franciny Silva Azevedo','2011.2.120.0176','Bacharelao em Sistemas de Informação','Aluno','08d57ef45df4bc18ba059cd235b740a84a81b9c2e1733e0f12e6097057eb7a50','2015-11-27 02:00:00','2015-11-26 21:45:30',NULL,NULL,NULL,NULL,'2015-11-26 19:54:43',NULL,NULL,NULL,0),(6,'dubonzi@gmail.com','$2a$10$L6y3ySZwMrh1bvQ.WGpkruJhMQQKKNkX6uKh02ApY/fmdCxIUQzLe',NULL,NULL,NULL,1,'2016-04-01 13:45:46','2016-04-01 13:45:46','191.248.208.167','191.248.208.167','2015-11-30 12:58:08','2016-04-01 13:45:46','Eduardo Bonzi da Conceição','2009.1.120.0048','Bacharelao em Sistemas de Informação','Aluno',NULL,'2016-03-31 22:59:39','2016-03-31 22:57:27',NULL,NULL,NULL,NULL,NULL,NULL,NULL,NULL,0),(7,'amorim@iff.edu.br','$2a$10$WGqpMAzU.Carg8ZWrmrzO.emREf1V241q4SH.wss.k6/IsodgmL2m',NULL,NULL,NULL,1,'2015-12-03 22:22:58','2015-12-03 22:22:58','200.143.198.43','200.143.198.43','2015-12-03 22:20:21','2015-12-04 11:06:46','Maurício José Viana Amorim','0000.0.000.0000','Bacharelao em Sistemas de Informação','Aluno',NULL,'2015-12-03 02:00:00','2015-12-03 22:20:21',NULL,NULL,NULL,NULL,NULL,NULL,NULL,NULL,0),(8,'joneyviana@gmail.com','$2a$10$9pfiRbcJBfrVbLr1Z3iu0eCvZABkskEC9SgIEVix2i2Dz3zgkukeK','452de410eec28aaee6e686764b8eb4c5d23f01e409fb960e72238b265b8a4c85','2015-12-16 16:42:54',NULL,9,'2015-12-23 00:37:53','2015-12-22 00:41:25','177.100.73.190','177.100.85.152','2015-12-04 09:59:14','2015-12-23 00:37:53','Joney Viana Gomes','2011.2.120.0338','Bacharelao em Sistemas de Informação','Aluno',NULL,'2015-12-04 10:01:24','2015-12-04 09:59:14',NULL,NULL,NULL,NULL,NULL,NULL,NULL,NULL,0),(9,'fe.rra@live.com','$2a$10$kqZBd4bhVzOgcL2cIuWJeOPe3kJsQtq6yCo9GmwdvOhUO1ojLsswe','K1DHcsncezyFFkzxqsRa',NULL,NULL,6,'2015-12-21 10:11:09','2015-12-18 10:13:37','164.85.84.105','164.85.21.106','2015-12-04 10:32:50','2015-12-21 10:11:09','Felipe da Silva Rangel','2011.2.120.0311','Bacharelao em Sistemas de Informação','Aluno',NULL,'2015-12-04 02:00:00','2015-12-04 10:32:50',NULL,NULL,NULL,NULL,NULL,NULL,NULL,NULL,0),(10,'a.hugofonseca@gmail.com','$2a$10$vbiGn1gTD5YZJW8zOJq1bOJtGcds/.NwLS2IO0wUc21aBIshmDLTS',NULL,NULL,NULL,1,'2015-12-04 11:18:03','2015-12-04 11:18:03','164.85.83.104','164.85.83.104','2015-12-04 11:17:24','2015-12-04 11:18:03','Hugo Abreu da Fonseca','2011.2.120.0230','Bacharelao em Sistemas de Informação','Aluno',NULL,'2015-12-04 11:17:49','2015-12-04 11:17:24',NULL,NULL,NULL,NULL,NULL,NULL,NULL,NULL,0),(11,'rodrigochweb@gmail.com','$2a$10$jO6L5qFcVYEatjoRZOzwg.2/TbRHkNKpUPxAj81SVv/sC2gxzIsia',NULL,NULL,'2015-12-04 16:25:40',3,'2015-12-15 17:39:32','2015-12-11 20:05:30','200.143.198.43','177.84.254.241','2015-12-04 16:20:25','2015-12-15 17:39:32','Rodrigo Terra Chaves','2011.2.120.0320','Bacharelao em Sistemas de Informação','Aluno',NULL,'2015-12-04 16:23:38','2015-12-04 16:20:25',NULL,NULL,NULL,NULL,NULL,NULL,NULL,NULL,0),(12,'jpseixasesilva@hotmail.com','$2a$10$PoyYd6cK8yc/DAqcn0ZHZuzsUc8qPntME/xT49Wl1PuUNbJCi8CEO','2593593cac07eb684e02e3b82d3653503eb4feb70b8ef911f28580350e465db5','2016-10-19 15:58:57',NULL,6,'2016-10-19 16:10:24','2015-12-18 11:12:38','187.19.63.193','200.143.198.43','2015-12-09 10:18:12','2016-10-19 16:10:24','João Paulo Seixas Alves e Silva','2008.2.120.0022','Bacharelao em Sistemas de Informação','Aluno',NULL,'2015-12-09 10:18:39','2015-12-09 10:18:13',NULL,NULL,NULL,NULL,NULL,NULL,NULL,NULL,0),(13,'silvaferreira.hsf@gmail.com','$2a$10$BmGF11K/.FqJXHzy5e2hke0qrnF/HfktRvX9HWEAJVLHcBhplCvJG',NULL,NULL,NULL,1,'2015-12-10 14:15:45','2015-12-10 14:15:45','190.180.180.18','190.180.180.18','2015-12-10 14:15:22','2015-12-10 14:15:45','Hudson Silva Ferreira','2011.2.120.0184','Bacharelao em Sistemas de Informação','Aluno',NULL,'2015-12-10 14:15:34','2015-12-10 14:15:22',NULL,NULL,NULL,NULL,NULL,NULL,NULL,NULL,0),(14,'grazihsilvaa@gmail.com','$2a$10$5VwDiO8CYitsLZYOYlDTh.M36b1urIDlwRR3x5R3gHAVNl/Flkqu6',NULL,NULL,'2015-12-10 14:47:40',2,'2015-12-20 23:41:31','2015-12-10 14:47:40','190.180.173.159','190.180.173.159','2015-12-10 14:47:15','2015-12-20 23:41:31','Grazieli de Oliveira Silva','2014.2.120.0350','Bacharelao em Sistemas de Informação','Aluno',NULL,'2015-12-10 14:47:29','2015-12-10 14:47:15',NULL,NULL,NULL,NULL,NULL,NULL,NULL,NULL,0),(15,'silvafarol2@yahoo.com.br','$2a$10$Vloe0IJZ2qa3iy/5Kv9Z6eRDKiXy9fH545bj4CRO0nu2OwtdIRiW2',NULL,NULL,NULL,2,'2015-12-13 13:57:42','2015-12-12 00:29:06','131.100.12.2','131.100.15.2','2015-12-12 00:26:54','2015-12-13 13:57:42','Adriana nunes da silva','','Bacharelao em Sistemas de Informação','Aluno',NULL,'2015-12-12 00:28:10','2015-12-12 00:26:55',NULL,NULL,NULL,NULL,NULL,NULL,NULL,NULL,0),(16,'ruhan.fa@gmail.com','$2a$10$FZQB8PLFE.mPrbFncx0MBebBuV/iVy7XbHDMs8s7q6UBgrA0vrrr2',NULL,NULL,'2016-04-05 01:10:51',2,'2016-04-05 01:10:53','2015-12-14 20:42:31','190.180.165.3','177.47.135.49','2015-12-14 18:14:42','2016-04-05 01:10:53','Ruhan Ferreira Almeida','2008.2.120.0251','Bacharelao em Sistemas de Informação','Aluno',NULL,'2015-12-14 20:29:25','2015-12-14 18:14:46',NULL,NULL,NULL,NULL,NULL,NULL,NULL,NULL,0),(17,'gustavo.escocard@gmail.com','$2a$10$qLhS59FUMLW3vjMUv4lu/OSaBjm6F3U1EsWtOzcje2/vqwdv0BjZu',NULL,NULL,NULL,1,'2015-12-14 19:30:12','2015-12-14 19:30:12','191.32.240.251','191.32.240.251','2015-12-14 19:29:40','2015-12-14 19:30:12','Gustavo Freitas Escocard','2013.2.120.0315','Bacharelao em Sistemas de Informação','Aluno',NULL,'2015-12-14 19:29:52','2015-12-14 19:29:40',NULL,NULL,NULL,NULL,NULL,NULL,NULL,NULL,0),(18,'bia.fabianearaujo@gmail.com','$2a$10$KMF68HGg9zXO/veAK6rvw.QrQj520XQMODizBM0GAPR/tQ8HCgdMS',NULL,NULL,NULL,1,'2015-12-14 20:24:49','2015-12-14 20:24:49','191.32.240.251','191.32.240.251','2015-12-14 20:12:40','2015-12-14 20:24:50','Fabiane Araujo','2013.2.120.0382','Bacharelao em Sistemas de Informação','Aluno',NULL,'2015-12-14 20:24:38','2015-12-14 20:12:40',NULL,NULL,NULL,NULL,NULL,NULL,NULL,NULL,0),(19,'line.o.freitas@hotmail.com','$2a$10$6tmAbwwLqrKEp6B51hLWV.SbZ0yHxJzJlvCTo.IWEUJP6sxFnX2qK',NULL,NULL,'2015-12-14 21:16:42',2,'2015-12-14 21:16:42','2015-12-14 21:16:42','179.236.113.215','179.236.113.215','2015-12-14 21:16:10','2015-12-14 21:16:42','Aline de Oliveira Freitas','2008.2.120.0065','Bacharelao em Sistemas de Informação','Aluno',NULL,'2015-12-14 21:16:23','2015-12-14 21:16:10',NULL,NULL,NULL,NULL,NULL,NULL,NULL,NULL,0),(20,'leonardo.delfica@gmail.com','$2a$10$J.GpBFX0qYsacdcillQzTOnqyCqQkJj7hBH1PFHzTq/1.OtuL9tEm',NULL,NULL,'2015-12-22 21:05:09',8,'2015-12-23 23:57:35','2015-12-23 11:01:34','66.249.88.232','177.47.143.127','2015-12-15 10:34:43','2015-12-23 23:57:35','Leonardo Gomes da Silva','2011.2.120.0109','Bacharelao em Sistemas de Informação','Aluno',NULL,'2015-12-15 10:35:08','2015-12-15 10:34:43',NULL,NULL,NULL,NULL,NULL,NULL,NULL,NULL,0),(21,'dansdantas@gmail.com','$2a$10$2OMQYQ5pUR4GhZRX9jaJqOhWKeYijbUC7HEK.5avHzSKGI85mgJrC',NULL,NULL,NULL,1,'2015-12-16 09:37:28','2015-12-16 09:37:28','191.32.240.251','191.32.240.251','2015-12-16 09:36:56','2015-12-16 09:37:28','Daniel Santos Dantas','2010.1.120.0120','Bacharelao em Sistemas de Informação','Aluno',NULL,'2015-12-16 09:37:21','2015-12-16 09:36:56',NULL,NULL,NULL,NULL,NULL,NULL,NULL,NULL,0),(22,'diogo.azvg@gmail.com','$2a$10$kcM8IogHRGqM91dob7i5gOrAC8q.HYG1u8nol7fx8QNiu5trQ8oUW',NULL,NULL,NULL,1,'2015-12-16 15:27:45','2015-12-16 15:27:45','200.143.198.43','200.143.198.43','2015-12-16 15:26:58','2015-12-16 15:27:45','Diogo Azevedo Gouveia','2011.1.120.0238','Bacharelao em Sistemas de Informação','Aluno',NULL,'2015-12-16 15:27:32','2015-12-16 15:26:59',NULL,NULL,NULL,NULL,NULL,NULL,NULL,NULL,0),(23,'arisonviana@hotmail.com','$2a$10$hyWkDc/Ut0HXcapnrL3rpOXS3TjCCQROgpXGzFpRQy/3aedUwVPvC',NULL,NULL,NULL,2,'2015-12-20 22:42:08','2015-12-17 10:43:52','179.180.83.238','164.85.84.105','2015-12-17 10:32:11','2015-12-20 22:42:08','Arison Viana Mota','2009.2.120.0261','Bacharelao em Sistemas de Informação','Aluno',NULL,'2015-12-17 10:40:41','2015-12-17 10:32:12',NULL,NULL,NULL,NULL,NULL,NULL,NULL,NULL,0),(24,'ilarinapereira@gmail.com','$2a$10$SCWYqj./XOPcPcbVkfcJJ.mDOfbNMg/ym2Cgh.e4qJT/wesxNXtMe',NULL,NULL,'2015-12-21 18:24:01',2,'2015-12-21 18:24:02','2015-12-17 18:55:40','186.237.54.10','186.237.54.10','2015-12-17 18:54:55','2015-12-21 18:24:02','Ilarina Netto Pereira','2011.2.120.0095','Bacharelao em Sistemas de Informação','Aluno',NULL,'2015-12-17 18:55:35','2015-12-17 18:54:55',NULL,NULL,NULL,NULL,NULL,NULL,NULL,NULL,0),(25,'machado_romulo@hotmail.com','$2a$10$kDQ6QBxRq9DRwzfbCMpmuuzbbZCu2H7VjA2gJji9lcm/HBdgdd5sO',NULL,NULL,NULL,1,'2016-01-21 13:08:39','2016-01-21 13:08:39','177.100.200.99','177.100.200.99','2016-01-21 13:03:13','2016-01-21 13:08:39','Rômulo dos Santos Corrêa Machado','2009.1.120.0021','Bacharelao em Sistemas de Informação','Aluno',NULL,'2016-01-21 13:07:58','2016-01-21 13:03:14',NULL,NULL,NULL,NULL,NULL,NULL,NULL,NULL,0),(26,'allexonrails@live.com','$2a$10$jYVVqGTyPaHvpytci8WAAuY2IoBC5o5Rq48LjwaMhmGs9VjGbqbFS',NULL,NULL,NULL,0,NULL,NULL,NULL,NULL,'2016-03-31 22:00:39','2016-03-31 22:00:39','Alexandre Sampaio','2009.1.120.0129','Bacharelao em Sistemas de Informação','Aluno','96e75d4a692dd757734b84f04086a42698583b3ff8d441a462751012a38f3d1f',NULL,'2016-03-31 22:00:40',NULL,NULL,NULL,NULL,NULL,NULL,NULL,NULL,0),(27,'laistellet@gmail.com','$2a$10$r.OXRo30vnqwXIkfe5HsVeNOt.BfaWmWjvkFMKeDbwP2GS59jdiSy',NULL,NULL,NULL,1,'2016-04-26 15:27:46','2016-04-26 15:27:46','164.85.17.102','164.85.17.102','2016-03-31 22:04:15','2016-04-26 15:27:50','Laís Stellet da Silva','2009.1.120.0080','Bacharelao em Sistemas de Informação','Aluno',NULL,'2016-04-26 15:26:41','2016-03-31 22:04:15',NULL,NULL,NULL,NULL,NULL,NULL,NULL,NULL,0),(28,'allexonrails@gmail.com','$2a$10$6GCr5o9.bCDjqYUcIVtyquc3djvVNyBzMs0Y7GeADc5K7lmdop8a.',NULL,NULL,NULL,3,'2016-04-15 12:12:00','2016-04-05 22:13:10','191.248.219.123','200.143.198.43','2016-03-31 22:52:51','2016-04-15 12:12:00','Alexandre Sampaio','2009.1.120.0129','Bacharelao em Sistemas de Informação','Aluno',NULL,'2016-03-31 22:57:14','2016-03-31 22:52:51',NULL,NULL,NULL,NULL,NULL,NULL,NULL,NULL,0),(29,'jainaldosilva@gmail.com','$2a$10$z8zfAaCOnv35gNGntMB9/.Q0OQmUL09x3crGpb3hq4O4Ze05EEHP2',NULL,NULL,NULL,2,'2016-05-19 13:37:45','2016-05-17 12:22:10','164.85.20.105','164.85.81.102','2016-05-17 12:17:07','2016-05-19 13:37:45','Jainaldo da Silva Silva','2012.1.120.0272','Bacharelao em Sistemas de Informação','Aluno',NULL,'2016-05-17 12:21:57','2016-05-17 12:20:23',NULL,NULL,NULL,NULL,NULL,NULL,NULL,NULL,0),(30,'grossmino@hotmail.com','$2a$10$qwk9MrmTwJ5DKGKhzEyLae50w7uHsIsLDzlMN2TDEmWYyt01ErnOm',NULL,NULL,NULL,2,'2016-05-25 16:13:32','2016-05-21 19:57:30','177.47.128.110','179.176.34.177','2016-05-21 19:56:36','2016-05-25 16:13:34','Charles Pereira da Conceição Cabral','2012.1.120.0280','Bacharelao em Sistemas de Informação','Aluno',NULL,'2016-05-21 19:57:17','2016-05-21 19:56:36',NULL,NULL,NULL,NULL,NULL,NULL,NULL,NULL,0),(37,'gustavoos_9@hotmail.com','$2a$10$Ulxn7yh2IsaXUMftkMp0sOG00prJOX/Mp4/LFG1tKAtP5lN8jNvSG',NULL,NULL,NULL,5,'2016-06-29 11:22:06','2016-06-28 13:56:34','164.85.23.108','164.85.24.109','2016-06-22 19:36:49','2016-06-29 11:22:06','Luis Gustavo de Castro Rodrigues','2011.2.120.0281','Bacharelao em Sistemas de Informação','Aluno',NULL,'2016-06-22 19:39:59','2016-06-22 19:36:49',NULL,NULL,NULL,NULL,NULL,NULL,NULL,NULL,0),(31,'clovisrangeljr@gmail.com','$2a$10$fb2Z/DZm8YZ9GlznqHtZp.FulkIxZ.tI5iXSoJ8fPslvsLKKcqXcq','557d7808b3ad4539fd70e03978b524ada64d578828679a080f0bdf71ae865a0e','2016-05-24 12:38:16',NULL,0,NULL,NULL,NULL,NULL,'2016-05-24 10:51:37','2016-05-31 19:02:15','Clovis Rangel ','9999.9.999.9999','Bacharelao em Sistemas de Informação','Aluno','e87d5a955aa4ba7d2221dc6a53377375ff76fa1549f42a6ee578c472d87b8644','2016-05-31 03:00:00','2016-05-24 12:45:44',NULL,NULL,NULL,NULL,NULL,NULL,NULL,NULL,0),(32,'darkeiro@hotmail.com','$2a$10$QMnqHdQZHebJXKLogXLjXuKg7BuLBbIMOP/HODADFgnY/qaKeh97O','HTzYRXcQuHrZEsisrtRj',NULL,NULL,2,'2016-06-01 18:00:29','2016-05-30 19:50:49','200.143.198.43','177.100.87.37','2016-05-24 12:41:36','2016-06-01 18:00:29','CLOVIS RANGEL PONTES JUNIOR','2010.2.120.0328','Bacharelao em Sistemas de Informação','Aluno',NULL,'2016-05-30 19:50:39','2016-05-30 19:49:54',NULL,NULL,NULL,NULL,NULL,NULL,NULL,NULL,0),(33,'adelyr.salles@gmail.com','$2a$10$vpE2LPEDQN5ATui8gLPRne1k2qWkxEs3hwLsKvp5TeX1poDWwBj5C','24873198fb1855ddca8329e48e53a9c3a46260b263d036673cbf3794a72f9e74','2016-05-31 01:57:16',NULL,13,'2016-06-13 22:52:41','2016-06-11 02:36:14','179.182.116.196','179.187.119.159','2016-05-25 23:25:56','2016-06-13 22:52:41','Adely Rangel de Almeida Salles','2012.1.120.0159','Bacharelao em Sistemas de Informação','Aluno','330917a925a5b926565bfffe669b29a2efacc52e16084e14806fe8f8648960bf','2016-05-31 03:00:00','2016-05-31 00:11:34',NULL,NULL,NULL,NULL,NULL,NULL,NULL,NULL,0),(34,'patriciamarinsf@gmail.com','$2a$10$dcoFBoc7kbrjJfktOn9UnuJ2XJTVi6qF4k1fA0sWJJtYyMl8PpggW',NULL,NULL,NULL,1,'2016-05-30 15:27:31','2016-05-30 15:27:31','200.143.198.43','200.143.198.43','2016-05-30 15:25:01','2016-05-30 15:27:31','Patricia Marins Franco','2012.1.120.0213','Bacharelao em Sistemas de Informação','Aluno',NULL,'2016-05-30 15:27:21','2016-05-30 15:25:02',NULL,NULL,NULL,NULL,NULL,NULL,NULL,NULL,0),(35,'ray.kelli@hotmail.com','$2a$10$IMMozLuZZCiA7ta7I1zLgepReV4DSqoAfQec7NlQLvucZejy1PRlm',NULL,NULL,NULL,2,'2016-06-06 12:09:33','2016-06-03 22:02:38','200.20.228.40','187.63.99.210','2016-06-03 21:57:23','2016-06-06 12:09:33','Rayane Kelli dos Reis Ferreira','2012.1.120.0205','Bacharelao em Sistemas de Informação','Aluno',NULL,'2016-06-03 22:02:03','2016-06-03 22:00:58',NULL,NULL,NULL,NULL,NULL,NULL,NULL,NULL,0),(36,'gleisongpm@gmail.com','$2a$10$uuuAhemQfCgdL0nNgZx/fe8LEMNP4Fe8Dm8qq5u09cH7jfp1eNYDa',NULL,NULL,NULL,2,'2016-06-07 00:21:24','2016-06-06 16:13:34','131.100.242.10','186.228.69.130','2016-06-06 16:12:00','2016-06-07 00:21:24','Gleison Pereira de Medeiros','2011.2.120.0133','Bacharelao em Sistemas de Informação','Aluno',NULL,'2016-06-06 16:13:24','2016-06-06 16:12:00',NULL,NULL,NULL,NULL,NULL,NULL,NULL,NULL,0),(38,'maycon7rocha@gmail.com','$2a$10$tOluZ54JwvjxJwclgfCRzeCRxf.5yPzvLHs8nzhDoO0sxgylPZIEu',NULL,NULL,NULL,1,'2016-07-25 23:18:29','2016-07-25 23:18:29','190.180.169.12','190.180.169.12','2016-07-22 12:04:11','2016-07-25 23:18:29','Maycon Ferreira Rocha','2014.2.120.0368','Bacharelao em Sistemas de Informação','Aluno',NULL,'2016-07-25 23:18:06','2016-07-25 23:15:31',NULL,NULL,NULL,NULL,NULL,NULL,NULL,NULL,0),(39,'maickon4developers@gmail.com','$2a$10$xpReX2RDJQrOCr9g.Pcc0u6nogBOQE0BYFr4sWHeOCtpjdf0oPHwm',NULL,NULL,NULL,1,'2016-08-19 23:21:00','2016-08-19 23:21:00','177.207.207.197','177.207.207.197','2016-08-19 23:16:27','2016-08-19 23:21:00','Maickon Jose Rangel','2008.2.120.0014','Bacharelao em Sistemas de Informação','Aluno',NULL,'2016-08-19 23:20:54','2016-08-19 23:18:00',NULL,NULL,NULL,NULL,NULL,NULL,NULL,NULL,0),(40,'laurodelacerda@gmail.com','$2a$10$zY2P8NMYWaVcYx1imxG7VusuGB67.hQzQ10R4vZWYk8EMsVLKd80K',NULL,NULL,NULL,0,NULL,NULL,NULL,NULL,'2016-08-22 23:58:56','2016-08-23 12:56:38','Lauro de Lacerda Caetano','2010.2.121.0050','Bacharelao em Sistemas de Informação','Aluno','eb59caeb0b8bf83160e2be6ee087c1cb11f68bccb9340a9b83d216324c60a069',NULL,'2016-08-23 12:56:38',NULL,NULL,NULL,NULL,NULL,NULL,NULL,NULL,0),(41,'cscarneiro7@gmail.com','$2a$10$UfENvdaCy8y4PXrgwdxzD.i579acX3G3YieZrT13QmGKplrFqXsdC','0afee41cc2189d231fc243ed070f33564f4266f4471ffea91ef594e52c7f9ea3','2016-10-10 12:50:48',NULL,1,'2016-08-29 12:18:04','2016-08-29 12:18:04','200.143.198.43','200.143.198.43','2016-08-23 12:18:30','2016-10-10 12:50:48','Gabriel de Almeida Souza Carneiro','2011.1.120.0289','Bacharelao em Sistemas de Informação','Aluno',NULL,'2016-08-29 12:17:39','2016-08-29 12:11:55',NULL,NULL,NULL,NULL,NULL,NULL,NULL,NULL,0),(42,'laurolacerda@outlook.com','$2a$10$EiZr80ZDh9YTQ6HohoHVEeKAnPj5/L7IGTLtfZ525B6zz9xw./YRa',NULL,NULL,NULL,0,NULL,NULL,NULL,NULL,'2016-08-23 13:00:02','2016-08-23 13:00:02','Lauro de Lacerda Caetano','2010.2.120.0050','Bacharelao em Sistemas de Informação','Aluno','15cfaf6c957b44b887d68e99a5148fc923f5ad94326566e8908d1278367e39c8',NULL,'2016-08-23 13:00:02',NULL,NULL,NULL,NULL,NULL,NULL,NULL,NULL,0),(43,'lauro_lacerda@outlook.com','$2a$10$ywpM0H4k8YgAuVoWImXBz.ZzMzEKrrtOTAa3.9lXphpK6Fz5kScRu',NULL,NULL,NULL,1,'2016-08-23 13:28:42','2016-08-23 13:28:42','191.34.62.15','191.34.62.15','2016-08-23 13:26:52','2016-08-23 13:28:42','Lauro de Lacerda Caetano','2010.2.120.0050','Bacharelao em Sistemas de Informação','Aluno',NULL,'2016-08-23 13:28:35','2016-08-23 13:26:52',NULL,NULL,NULL,NULL,NULL,NULL,NULL,NULL,0),(44,'celestecbarreto@htomail.com','$2a$10$g6eFaaGNfR06T8ciadA6s.cFEe91wet/hBLPWWj4tY8TcgB2vNHfK','23b9b841be564e0e0a8df3e3d10b5b987ebce8a6a2665e46d01229d0ec812aac','2016-08-23 17:18:51',NULL,0,NULL,NULL,NULL,NULL,'2016-08-23 16:39:38','2016-08-23 17:18:51','Celeste Cristina Barreto da Silva','2011.2.120.0192','Bacharelao em Sistemas de Informação','Aluno','67a95b2f804abb33e7c56b5efcf48f4bffaacc24f3b4b000672972ffd2ffcfb1',NULL,'2016-08-23 16:39:38',NULL,NULL,NULL,NULL,NULL,NULL,NULL,NULL,0),(45,'celestecbarreto@hotmail.com','$2a$10$6CfchOOKOTv4W6vff7bvR.qT/zRcij3B4kcbe.UtzYug9/b7wqGXG',NULL,NULL,NULL,1,'2016-08-23 18:10:41','2016-08-23 18:10:41','200.143.198.43','200.143.198.43','2016-08-23 18:10:12','2016-08-23 18:10:41','Celeste Cristina Barreto da Silva','2011.2.120.0192','Bacharelao em Sistemas de Informação','Aluno',NULL,'2016-08-23 18:10:33','2016-08-23 18:10:12',NULL,NULL,NULL,NULL,NULL,NULL,NULL,NULL,0),(46,'brfsilva@outlook.com','$2a$10$FaSVQA.zy54MzRm0vygZt.N/o.KKnoecLs/Ur4ZH3eIfOT3zxIFlW',NULL,NULL,NULL,2,'2016-09-21 00:43:33','2016-09-08 22:06:55','179.182.112.88','200.143.198.43','2016-09-08 22:05:43','2016-10-04 22:31:03','Bruno Feitosa da Silva','2012.1.120.0108','Bacharelao em Sistemas de Informação','Aluno',NULL,'2016-09-08 03:00:00','2016-09-08 22:05:43',NULL,NULL,NULL,NULL,NULL,NULL,NULL,NULL,0),(47,'diogowillforever@gmail.com','$2a$10$Puj4Qws95jhfk56W9TGiK.HHp/MIR0cPCgy/qLWxKLNhCl88yLwm.',NULL,NULL,NULL,1,'2016-09-22 23:29:33','2016-09-22 23:29:33','200.143.198.43','200.143.198.43','2016-09-22 23:13:06','2016-09-22 23:29:33','Diogo William Bastos Pereira','2011.2.120.0303','Bacharelao em Sistemas de Informação','Aluno','23d4bda9e9accd6dc984df2199a346eae5fe183c803f1e919ef8ee7e4a823974','2016-09-22 03:00:00','2016-09-22 23:13:06',NULL,NULL,NULL,NULL,NULL,NULL,NULL,NULL,0),(48,'jdesteffani@gmail.com','$2a$10$XKNQNxKo/AdBfTt84SL5se6uvmGIIF9gUd/wlih/0Rw3mSqFYpoL.',NULL,NULL,NULL,1,'2016-10-03 15:49:00','2016-10-03 15:49:00','179.187.113.176','179.187.113.176','2016-09-22 23:48:20','2016-10-03 15:49:00','João Vitor Desteffani Marcelino','2012.1.120.0256','Bacharelao em Sistemas de Informação','Aluno',NULL,'2016-10-03 15:48:39','2016-10-03 15:47:41',NULL,NULL,NULL,NULL,NULL,NULL,NULL,NULL,0),(49,'jaqueline.pnascimento@gmail.com','$2a$10$vTyHgce4bjLXWu6SPhMkaud59Eh/tS/51pNKBTzKGOqAXWwNnhuze','-EwVs2AEYfvFjJzxd3pX',NULL,NULL,1,'2016-10-03 13:52:59','2016-10-03 13:52:59','186.218.138.72','186.218.138.72','2016-09-22 23:52:41','2016-10-03 13:52:59','Jaqueline Passos do Nascimento','2010.1.120.0260','Bacharelao em Sistemas de Informação','Aluno',NULL,'2016-10-03 13:52:50','2016-10-03 13:52:18',NULL,NULL,NULL,NULL,NULL,NULL,NULL,NULL,0),(50,'ffranzes@gmail.com','$2a$10$Ed.HarSnCvhT1o7dGpYptORn//OYiZcEfvj6oajYzn79gDX/Groe.',NULL,NULL,NULL,5,'2016-10-10 20:17:44','2016-10-04 19:59:48','191.178.41.56','187.105.195.119','2016-10-01 02:29:07','2016-10-10 20:17:44','Felipe Franzes','2012.2.120.0062','Bacharelao em Sistemas de Informação','Aluno',NULL,'2016-10-01 02:33:26','2016-10-01 02:29:07',NULL,NULL,NULL,NULL,NULL,NULL,NULL,NULL,0),(51,'mayaramaciel92@hotmail.com','$2a$10$JrDszWZ1mJWTDUYOBNKts.B.7gMg86Isp9YfYxKaj05qIjs9EApXK',NULL,NULL,NULL,1,'2016-10-02 01:39:31','2016-10-02 01:39:31','191.178.47.170','191.178.47.170','2016-10-02 01:39:07','2016-10-02 01:39:31','Mayara Maciel dos Santos','2012.2.120.0178','Bacharelao em Sistemas de Informação','Aluno',NULL,'2016-10-02 01:39:24','2016-10-02 01:39:08',NULL,NULL,NULL,NULL,NULL,NULL,NULL,NULL,0),(52,'tavares.sts@gmail.com','$2a$10$a/HzVJfNk3muuJ/x1/CykuYAx4wh49skleCYFSHRgk5D..5wMOKma',NULL,NULL,NULL,3,'2016-10-25 20:19:01','2016-10-12 13:08:03','131.100.14.3','131.100.14.3','2016-10-05 22:15:59','2016-10-25 20:19:01','Samara Tavares dos Santos ','2012.2.120.0216','Bacharelao em Sistemas de Informação','Aluno','Z1KuUDRqC7mtAzWyz5pv','2016-10-07 03:00:00','2016-10-05 22:15:59',NULL,NULL,NULL,NULL,NULL,NULL,NULL,NULL,0),(53,'matheussilva770@gmail.com','$2a$10$t.ymhUZY5ifvzGCf8W7HXOMqNGh85/SnOzlScnX0EWWeekp3kMq2a',NULL,NULL,NULL,11,'2016-10-19 15:12:21','2016-10-13 12:03:57','186.212.146.48','179.180.85.24','2016-10-07 13:15:33','2016-10-19 15:12:21','Matheus Henrique ','2012.1.120.0221','Bacharelao em Sistemas de Informação','Aluno','ocm1fsaTpg4JZiX6Azzw','2016-09-07 03:00:00','2016-10-07 13:15:33',NULL,NULL,NULL,NULL,NULL,NULL,NULL,NULL,0),(54,'alonso.saulo@gmail.com','$2a$10$kt5qKbIWqFL3U3CILUgC8efLtmWXUjmNDv6Vdw7l4Fw1KaQqxLZia',NULL,NULL,NULL,1,'2016-10-12 16:58:34','2016-10-12 16:58:34','164.85.20.105','164.85.20.105','2016-10-08 14:00:05','2016-10-12 16:58:34','Saulo Alonso','0000.0.000.0000','Bacharelao em Sistemas de Informação','Aluno','codGiiR3i2-D6scQXjYZ','2016-10-31 02:00:00','2016-10-08 14:00:05',NULL,NULL,NULL,NULL,NULL,NULL,NULL,NULL,0),(55,'arthurazsoares@gmail.com','$2a$10$x6SA65sxpyTSBuifbsoje.ixHUxWd2vOagjyiKdggRrma.vQsYQCi',NULL,NULL,'2016-10-10 20:27:57',2,'2016-10-25 20:36:01','2016-10-10 20:27:57','201.46.237.31','177.100.72.251','2016-10-10 20:14:05','2016-10-25 20:36:01','Arthur Albuquerque Zopellaro Soares','2010.2.120.0042','Bacharelao em Sistemas de Informação','Aluno','P1UVTjjMw9dbD9oWysmc','2016-10-07 03:00:00','2016-10-10 20:14:05',NULL,NULL,NULL,NULL,NULL,NULL,NULL,NULL,0),(56,'nmsorrento@gmail.com','$2a$10$IMXGsWMPqY28YNq3svAp6em7IIcu.aYW0gdQvQifTfwpW0xL7wKIW',NULL,NULL,NULL,6,'2016-10-13 01:37:05','2016-10-13 01:36:31','190.180.176.124','190.180.176.124','2016-10-10 20:20:10','2016-10-13 01:37:05','Nathan Sorrentino','2009.1.120.0161','Bacharelao em Sistemas de Informação','Aluno','5RPX1HGJbtZ176SShWNs','2016-10-10 03:00:00','2016-10-10 20:20:10',NULL,NULL,NULL,NULL,NULL,NULL,NULL,NULL,0),(57,'saulo.alonso85@gmail.com','$2a$10$PXqgHt180HZS.EMqmIw5C.G4LXg3vHE87VJepnqHCGRg8hYBtJJSG',NULL,NULL,NULL,0,NULL,NULL,NULL,NULL,'2016-10-10 21:31:13','2016-10-10 21:31:13','Saulo Alonso de Souza Pereira','2012.1.120.0370','Bacharelao em Sistemas de Informação','Aluno','cyPzyZb-cW2siuxXuDh5',NULL,'2016-10-10 21:31:13',NULL,NULL,NULL,NULL,NULL,NULL,NULL,NULL,0),(58,'samilateixeira2013@gmail.com','$2a$10$/VKe1uilhZZijRAWJKEvCe2RtuqAl6fZ7ebJAZmAOfgrKZMLZlngC',NULL,NULL,NULL,2,'2016-10-12 11:57:14','2016-10-12 01:36:16','170.150.252.168','170.150.252.168','2016-10-11 17:08:03','2016-10-12 11:57:14','SAMILA DOS SANTOS FERREIRA TEIXEIRA','2011.2.120.0117','Bacharelao em Sistemas de Informação','Aluno','mevqdng_rx7Mxt3ij4Bo','2016-10-07 03:00:00','2016-10-11 17:08:03',NULL,NULL,NULL,NULL,NULL,NULL,NULL,NULL,0),(59,'alinecosta.si@gmail.com','$2a$10$GR8YAMdxpE/7tPE3otF1kOaooKVgdOtmKW2A/oQBjAEjFAdd0/kFu',NULL,NULL,NULL,2,'2016-10-12 20:45:46','2016-10-11 21:36:06','177.66.93.29','200.143.198.43','2016-10-11 18:22:30','2016-10-12 20:45:46','Aline Costa de Souza','2010.2.120.0190','Bacharelao em Sistemas de Informação','Aluno','Xvsfs4j6bdU-gfUhU_mf','2016-10-07 03:00:00','2016-10-11 18:22:30',NULL,NULL,NULL,NULL,NULL,NULL,NULL,NULL,0),(60,'rachelbmothe@gmail.com','$2a$10$nvtqsukcDexmSmknHgJm8uIcfqkgi62mt7k.0ISY9Ctu6AlHPu85e',NULL,NULL,NULL,1,'2016-11-09 18:44:59','2016-11-09 18:44:59','186.237.48.155','186.237.48.155','2016-11-03 16:28:12','2016-11-09 18:44:59','Rachel Barbosa Mothé','2012.2.120.0330','Bacharelao em Sistemas de Informação','Aluno','Gk3PF2K8KGVzt12wDEGB','2016-11-07 02:00:00','2016-11-03 16:28:12',NULL,NULL,NULL,NULL,NULL,NULL,NULL,NULL,0),(61,'aniellymartins@gmail.com','$2a$10$O8cEdncElXxt1YEz6xW.zuFl6Jh4LQV17PS5VaqTTfRbGDcFlsK92',NULL,NULL,NULL,5,'2016-11-22 11:49:34','2016-11-18 16:26:41','186.215.235.60','186.215.235.60','2016-11-16 10:52:02','2016-11-22 11:49:34','Aniely Martins da Silva','2009.2.120.0164','Bacharelao em Sistemas de Informação','Aluno','4U9q1KKi2BnREnNpzopx','2016-11-15 02:00:00','2016-11-16 10:52:02',NULL,NULL,NULL,NULL,NULL,NULL,NULL,NULL,0),(62,'isabelacampos978@gmail.com','$2a$10$cSfB7b635KFrZKpOSmUNDul83NeITYklM.k05cLAtVAF/bG24NmoK',NULL,NULL,NULL,2,'2016-11-16 19:10:00','2016-11-16 17:47:55','177.43.58.175','177.43.58.175','2016-11-16 17:40:58','2016-11-16 19:10:00','IsabellaCristina Campos dos Santos','2009.1.120.0200','Bacharelao em Sistemas de Informação','Aluno','wdUAbetJXzRorn1fwZ3p','2016-11-13 02:00:00','2016-11-16 17:40:58',NULL,NULL,NULL,NULL,NULL,NULL,NULL,NULL,0),(63,'leonardomaciel.lmf@gmail.com','$2a$10$g2zB4hn6JUCsp4HL.I1YYO722fEJ/jDDakf8mDKDS4zpaUOXNvtMK',NULL,NULL,NULL,1,'2016-11-18 19:35:49','2016-11-18 19:35:49','177.84.46.116','177.84.46.116','2016-11-16 18:30:46','2016-11-18 19:35:49','Leonardo Velasco Santos','2009.2.120.0067','Bacharelao em Sistemas de Informação','Aluno','VxkgW3U32ZNEZvFeS1id','2016-11-15 02:00:00','2016-11-16 18:30:46',NULL,NULL,NULL,NULL,NULL,NULL,NULL,NULL,0),(64,'luizmauropcdias@gmail.com','$2a$10$4k6JmiUL7FlkEIa29GalK.aIjThTWjAPrV/HKWfaYpMCLotVCVzDW',NULL,NULL,NULL,2,'2016-11-18 09:28:17','2016-11-16 19:28:38','191.248.196.254','164.85.23.108','2016-11-16 18:34:43','2016-11-18 09:28:17','Luiz Mauro Piraciaba Cassiano Dias','2009.2.120.0288','Bacharelao em Sistemas de Informação','Aluno','bwsXKRQVenE2DBT2fLtW','2016-11-15 02:00:00','2016-11-16 18:34:43',NULL,NULL,NULL,NULL,NULL,NULL,NULL,NULL,0);
/*!40000 ALTER TABLE `users` ENABLE KEYS */;
UNLOCK TABLES;

--
-- Table structure for table `usuarios`
--

DROP TABLE IF EXISTS `usuarios`;
/*!40101 SET @saved_cs_client     = @@character_set_client */;
/*!40101 SET character_set_client = utf8 */;
CREATE TABLE `usuarios` (
  `id` int(11) NOT NULL AUTO_INCREMENT,
  `nome` varchar(255) COLLATE utf8_unicode_ci DEFAULT NULL,
  `email` varchar(255) COLLATE utf8_unicode_ci DEFAULT NULL,
  `matricula` varchar(255) COLLATE utf8_unicode_ci DEFAULT NULL,
  `curso` varchar(255) COLLATE utf8_unicode_ci DEFAULT NULL,
  `tipo` varchar(255) COLLATE utf8_unicode_ci DEFAULT NULL,
  `created_at` datetime NOT NULL,
  `updated_at` datetime NOT NULL,
  `confirmed_at` datetime DEFAULT NULL,
  PRIMARY KEY (`id`)
) ENGINE=InnoDB DEFAULT CHARSET=utf8 COLLATE=utf8_unicode_ci;
/*!40101 SET character_set_client = @saved_cs_client */;

--
-- Dumping data for table `usuarios`
--

LOCK TABLES `usuarios` WRITE;
/*!40000 ALTER TABLE `usuarios` DISABLE KEYS */;
/*!40000 ALTER TABLE `usuarios` ENABLE KEYS */;
UNLOCK TABLES;
/*!40103 SET TIME_ZONE=@OLD_TIME_ZONE */;

/*!40101 SET SQL_MODE=@OLD_SQL_MODE */;
/*!40014 SET FOREIGN_KEY_CHECKS=@OLD_FOREIGN_KEY_CHECKS */;
/*!40014 SET UNIQUE_CHECKS=@OLD_UNIQUE_CHECKS */;
/*!40101 SET CHARACTER_SET_CLIENT=@OLD_CHARACTER_SET_CLIENT */;
/*!40101 SET CHARACTER_SET_RESULTS=@OLD_CHARACTER_SET_RESULTS */;
/*!40101 SET COLLATION_CONNECTION=@OLD_COLLATION_CONNECTION */;
/*!40111 SET SQL_NOTES=@OLD_SQL_NOTES */;

-- Dump completed on 2016-11-23 11:23:16
